id,firstName,lastName,slotName,teamName
b01bb761-f415-43c6-9e28-ba81d9e75025,Bijan,Robinson,RB,Atlanta Falcons
eec15e8b-2a0d-4693-98b9-a64aeaf975d6,Jahmyr,Gibbs,RB,Detroit Lions
93457447-77e6-4549-9b82-e31a83dbafef,Ja'Marr,Chase,WR,Cincinnati Bengals
4ddd8cfb-b50e-4272-bb28-5eab5f1c926a,Puka,Nacua,WR,Los Angeles Rams
465c2f4e-57a5-457b-88ce-d2ed4d65270e,Jaxon,Smith-Njigba,WR,Seattle Seahawks
d0ee72eb-4443-41aa-889f-a24475b7db74,Jonathan,Taylor,RB,Indianapolis Colts
3d2608fd-ae3b-4d6d-9e8d-254e3c8604b1,Christian,McCaffrey,RB,San Francisco 49ers
a4cde3b6-aafd-4dc5-a553-dd18731672c6,CeeDee,Lamb,WR,Dallas Cowboys
b4ef5d2e-dc01-4891-94bb-1014c7ad3ef5,Amon-Ra,St. Brown,WR,Detroit Lions
bf1dcb04-74d5-4b96-a35d-17bb278191af,Justin,Jefferson,WR,Minnesota Vikings
c3ac9e53-e016-45e7-863a-e109a88eaee2,James,Cook,RB,Buffalo Bills
892ddb3f-d089-4247-82a9-1f66db8f3b8d,Ashton,Jeanty,RB,Las Vegas Raiders
ef8f7b19-9e41-456e-889c-04843428131c,De'Von,Achane,RB,Miami Dolphins
dcf963bc-fd54-4af7-a736-91c4f03abb34,Omarion,Hampton,RB,Los Angeles Chargers
d9bc59e1-760b-4d26-bea7-7cb38a713b75,Jeremiyah,Love,RB,
9c056ba5-502c-4584-85e2-e605ff46b47a,Saquon,Barkley,RB,Philadelphia Eagles
304e1943-e0ce-405e-ac05-1cc99c255fdb,Kenneth,Walker III,RB,Kansas City Chiefs
9b6dc124-da44-441e-88b0-ca699dfe3be3,Malik,Nabers,WR,New York Giants
ad9c279e-9352-4475-8beb-06f169e19532,Trey,McBride,TE,Arizona Cardinals
e43d5588-5eec-4ba9-9234-f4a2d4c734a0,Drake,London,WR,Atlanta Falcons
b7c774ea-6453-4fed-8770-0d8f95cff419,Derrick,Henry,RB,Baltimore Ravens
7fc0aee4-38db-42f5-919d-52da687dedf4,Chase,Brown,RB,Cincinnati Bengals
e5983c62-d05a-44e6-934a-5049f8e0a222,Brock,Bowers,TE,Las Vegas Raiders
d081b2f7-180c-49a4-bf3e-4968e14d68c0,George,Pickens,WR,Dallas Cowboys
56ab84f4-dac6-4b52-bb6c-12936332254d,Nico,Collins,WR,Houston Texans
812b5ae1-3e06-44b2-b67b-a82a49575f0d,Chris,Olave,WR,New Orleans Saints
5ae4878d-3b1d-4d47-939c-25d6247c3be0,Josh,Jacobs,RB,Green Bay Packers
48f8d8a8-d81d-4def-84e0-7090805333fe,Josh,Allen,QB,Buffalo Bills
d945c683-2b49-4442-bdab-dce9a47e0815,A.J.,Brown,WR,Philadelphia Eagles
a79dba5d-c547-4640-a5c8-4aef963b18e4,Travis,Etienne Jr.,RB,New Orleans Saints
3059d122-5f7d-4cd6-bb6b-9aa1b0d70807,Tetairoa,McMillan,WR,Carolina Panthers
30af81c9-3e2d-4c49-881b-4918b480d7e6,Breece,Hall,RB,New York Jets
73be3f6c-913e-4764-ad06-d67b5a277539,Tee,Higgins,WR,Cincinnati Bengals
c2e0cdc1-6c9f-4580-9092-7f921e74a03e,Kyren,Williams,RB,Los Angeles Rams
495d29ca-232c-40bf-92dc-d6372226354d,Rashee,Rice,WR,Kansas City Chiefs
18d8d9dd-938d-419e-b982-41cc6a8507ae,Garrett,Wilson,WR,New York Jets
42ec90ff-787a-4076-91ca-f5bb2e54aac2,Bucky,Irving,RB,Tampa Bay Buccaneers
954b5774-5af5-4c48-b550-30050b8f0c51,Ladd,McConkey,WR,Los Angeles Chargers
9a699b6c-b060-4d9c-b8d0-b5c0b3f054c6,Emeka,Egbuka,WR,Tampa Bay Buccaneers
4341a6d5-b166-4357-aa45-51540a3d9a93,Javonte,Williams,RB,Dallas Cowboys
ecfeab79-505c-42b9-b0db-c0905139f8e1,Zay,Flowers,WR,Baltimore Ravens
1e0284ba-b164-417e-88d9-0aa35f400ed6,DeVonta,Smith,WR,Philadelphia Eagles
26f1fdd1-e3b3-4305-a40a-8e0ffab41fee,Luther,Burden,WR,Chicago Bears
c654b2ae-89e9-49f9-b3ed-0e84755449bc,Jameson,Williams,WR,Detroit Lions
da3b7413-c653-46d4-abae-1b539138525f,Colston,Loveland,TE,Chicago Bears
e0d405cf-c879-4d4e-bad3-29d42c1e2287,Terry,McLaurin,WR,Washington Commanders
be1270d5-0970-47e5-ae48-9a3fc9266d02,Jaylen,Waddle,WR,Denver Broncos
776df2a6-bc3c-4f42-9f57-aedcfc7b7b89,TreVeyon,Henderson,RB,New England Patriots
3550b734-6e05-437a-94a4-0c4fa7a211cc,Mike,Evans,WR,San Francisco 49ers
883d04b7-c2c5-46c6-84da-964aae8343a5,Davante,Adams,WR,Los Angeles Rams
6f0a1ed6-9942-41f4-94aa-3067c110d0e2,Lamar,Jackson,QB,Baltimore Ravens
5ff0e40f-9de2-4c4a-87e4-3c68f5472a27,Rome,Odunze,WR,Chicago Bears
15646db4-d97a-4fd0-91e4-d1941c672a25,D.J.,Moore,WR,Buffalo Bills
59ae90e9-5932-417d-be7a-99338960e9f0,Quinshon,Judkins,RB,Cleveland Browns
d0846f65-dc87-40a9-8bf1-13ce90a03876,Bhayshul,Tuten,RB,Jacksonville Jaguars
da4cd799-901c-4092-afb1-ca44f9fe83e3,Cam,Skattebo,RB,New York Giants
4b2e2806-278b-406c-8e90-d75636ea6950,Carnell,Tate,WR,
4bd41cd5-6d11-496b-ab7a-ee0cf760e98f,David,Montgomery,RB,Houston Texans
067a8cdc-ed3a-4bd7-8a89-7ec44e819aaf,Christian,Watson,WR,Green Bay Packers
29cacb1d-6e97-46da-8fb2-96ddeeb47e4b,D'Andre,Swift,RB,Chicago Bears
4337f182-41cc-480b-ac28-64fcc0d07895,Brian,Thomas,WR,Jacksonville Jaguars
ea9c850d-105c-446b-b18d-f733550cb454,Jayden,Daniels,QB,Washington Commanders
f8bd3794-6717-41fd-b5b2-11ed50be789f,Makai,Lemon,WR,
c3d66be9-8247-4c7b-81e7-6d6df8b7c120,Joe,Burrow,QB,Cincinnati Bengals
afb04f45-45eb-4105-846b-2c0067fc25af,Marvin,Harrison,WR,Arizona Cardinals
839ae7c3-b8bb-4049-94d0-abb4c41835fd,RJ,Harvey,RB,Denver Broncos
ed1c88f0-ae86-4b31-91d8-177b0aae730d,Tyler,Warren,TE,Indianapolis Colts
280b225e-1d98-4ea0-8b96-d7d8a21da8ab,Caleb,Williams,QB,Chicago Bears
142fcc25-dca6-4ed8-b976-ef44d7a8051e,Alec,Pierce,WR,Indianapolis Colts
2b0c8b6a-44fc-49b0-8db9-d63bac8b142b,Jalen,Hurts,QB,Philadelphia Eagles
0ff52391-4651-425a-9e07-8caa26ef37f2,Jordyn,Tyson,WR,
144022e3-3547-4059-b5cf-b2a351b22307,Drake,Maye,QB,New England Patriots
6e6ce49b-45e4-4f05-84ef-7ae66c1668e8,Parker,Washington,WR,Jacksonville Jaguars
d5c15f83-be4d-4023-9c2b-d71fdcea928b,Chuba,Hubbard,RB,Carolina Panthers
1feaf737-25f0-4bbc-80b1-a86a3c3a2558,Courtland,Sutton,WR,Denver Broncos
a2c904b0-fa44-4ab3-9410-2a44676e63bd,DK,Metcalf,WR,Pittsburgh Steelers
55670954-1774-4848-9203-c67806037de4,Michael,Wilson,WR,Arizona Cardinals
ba0bdd0d-d7b7-4fd1-a64f-bd51f64dbdac,Jaylen,Warren,RB,Pittsburgh Steelers
da5d7bd7-231b-4dad-853e-e4b9397c2fb6,Rhamondre,Stevenson,RB,New England Patriots
f3630521-c13b-45ff-9fd4-b22234d3d09d,Harold,Fannin,TE,Cleveland Browns
86f1cc56-83b8-4011-b88b-0a9245e79865,Dak,Prescott,QB,Dallas Cowboys
85d6b2d5-0522-4145-ae29-49af4bbe69db,Justin,Herbert,QB,Los Angeles Chargers
006dd79c-dead-4677-8d43-3b699d57d7c7,Trevor,Lawrence,QB,Jacksonville Jaguars
e2bd5fcd-3785-4515-b96f-f806ad46d4e5,Jordan,Addison,WR,Minnesota Vikings
e245a361-7d5e-43d6-9ed0-f17469b25459,Ricky,Pearsall,WR,San Francisco 49ers
8f0f38c0-e0e8-49ae-b633-1aeabf20d410,Jaxson,Dart,QB,New York Giants
979a31b2-8567-4ca0-9cef-e3318c945141,Tyler,Allgeier,RB,Arizona Cardinals
887722ae-dbfb-4fd4-90b1-e62066f3c81f,Jakobi,Meyers,WR,Jacksonville Jaguars
d1284cb3-7f71-4d90-974d-ebbdcabdf985,Tucker,Kraft,TE,Green Bay Packers
477f07a5-011c-47be-b821-1c5cda725225,Patrick,Mahomes,QB,Kansas City Chiefs
493029ea-6559-4da5-b912-89b4bc5a0fa0,Rico,Dowdle,RB,Pittsburgh Steelers
05396af3-a07c-4c50-89dd-1eae9880e326,Chris,Godwin,WR,Tampa Bay Buccaneers
679c05b5-1aa5-452d-853e-ec868e43e0f8,Kyle,Monangai,RB,Chicago Bears
8db463f0-b707-4138-8478-12cf8cb837d0,Romeo,Doubs,WR,New England Patriots
40eba077-feae-4371-838b-13b5a8764603,Brock,Purdy,QB,San Francisco 49ers
de654ca0-571f-4ce8-9ed9-9a8f76d93ac8,Bo,Nix,QB,Denver Broncos
4dd966b8-1e87-4ed3-bd8e-c030d99b4a7e,Michael,Pittman Jr.,WR,Pittsburgh Steelers
29ab2065-18c7-4619-bfb9-608800ffedf4,Kyle,Pitts,TE,Atlanta Falcons
61b3a8ad-4ed1-4703-9727-243a27024147,Blake,Corum,RB,Los Angeles Rams
986b518f-b4c2-4484-ade1-08e4e646163b,J.K.,Dobbins,RB,Denver Broncos
0d9a17d9-6ff8-465e-a04b-24f81ab6a06a,Sam,LaPorta,TE,Detroit Lions
478e4a40-0dcd-4a43-b26b-6ad4cd315727,Quentin,Johnston,WR,Los Angeles Chargers
07471e05-eedf-4a9c-971c-493287276406,Wan'Dale,Robinson,WR,Tennessee Titans
b513cebe-64cd-4dd1-91b6-d7b9892b891f,Matthew,Stafford,QB,Los Angeles Rams
e266ed22-3721-426c-8e56-05fcc34a2ee4,Tony,Pollard,RB,Tennessee Titans
4438b894-698d-4155-be34-ec8081f3c14b,Jared,Goff,QB,Detroit Lions
b13d044a-3962-457d-9f4d-0e2af119d723,Kyler,Murray,QB,Minnesota Vikings
62fa37cc-8a68-42e5-abe5-5bddd81891d8,Jayden,Reed,WR,Green Bay Packers
4e6563d4-e35d-427c-a4c6-031f5aca04b4,Jordan,Love,QB,Green Bay Packers
f862802a-77a6-4ed7-b299-fd7dd82b5116,Jadarian,Price,RB,
0c3af97a-d800-4e73-aa0d-7eaa10d9aa91,Xavier,Worthy,WR,Kansas City Chiefs
cda0431e-d6d2-426b-ab35-75dc958e20fe,Baker,Mayfield,QB,Tampa Bay Buccaneers
e47bda15-7f48-4397-a807-ac670a9109b3,Oronde,Gadsden,TE,Los Angeles Chargers
dbe7b16f-647e-4e19-a15b-2c885cede6b3,Kenneth,Gainwell,RB,Tampa Bay Buccaneers
0ea40c7e-ccf1-4101-9605-b564d6ebdeef,KC,Concepcion,WR,
b8453ed0-6d82-4474-a108-128336891830,Jalen,Coker,WR,Carolina Panthers
67207524-894f-453a-8fa4-44bf33b5703b,Tyler,Shough,QB,New Orleans Saints
a586d9bf-05b3-4f40-a43a-9c03e3994050,Jordan,Mason,RB,Minnesota Vikings
3349ebbb-611c-46fd-a82b-204500116125,Josh,Downs,WR,Indianapolis Colts
85983b65-b7aa-4513-8e01-1b94d7867861,Matthew,Golden,WR,Green Bay Packers
4b164dc3-27c3-47d3-8013-a529aada045a,Dalton,Kincaid,TE,Buffalo Bills
f577e1fc-191c-496b-af84-94fc654d121a,George,Kittle,TE,San Francisco 49ers
4f2c8803-164f-49bf-942d-ee6fc30c45da,Malik,Willis,QB,Miami Dolphins
d866415f-1e04-46b0-b3c8-a7dcfcf10fb0,Jayden,Higgins,WR,Houston Texans
ec3cc726-3a53-4fd6-a970-d7ae37c4f669,Rachaad,White,RB,Washington Commanders
afcbc726-e23f-447b-977e-1460016a2a86,Khalil,Shakir,WR,Buffalo Bills
bd8bdce6-9cb6-4e89-b024-87375654fbb4,Jake,Ferguson,TE,Dallas Cowboys
214b28a1-0af5-4f4f-b838-d3a67e8d6b65,Sam,Darnold,QB,Seattle Seahawks
386c2f4c-5b7e-4244-af32-c9e80cc9c5cb,Jonah,Coleman,RB,
f3ef5105-c46a-438a-99cb-180989aed594,Jalen,McMillan,WR,Tampa Bay Buccaneers
0080fd75-8cb4-47fb-bd0c-ebaddb217186,Kenyon,Sadiq,TE,
a66ec7fc-58bb-4cd1-9f45-bf10c950ff11,Travis,Kelce,TE,Kansas City Chiefs
b3e7f620-142a-4a90-a0d4-564b9536ae3d,C.J.,Stroud,QB,Houston Texans
577d1148-51f9-499a-b885-856a9d29af76,Mike,Washington Jr.,RB,
3487f7db-cd47-48fa-9bf7-d6fc4f581bb3,Aaron,Jones,RB,Minnesota Vikings
460568e9-21fb-4030-9a36-276f0dafb22f,Dallas,Goedert,TE,Philadelphia Eagles
f4586722-eee7-4bbc-aa76-88241282ac2f,Chris,Rodriguez,RB,Jacksonville Jaguars
0e81ac4b-dcab-4441-ad39-6133e6318093,Jauan,Jennings,WR,
05bfd392-b930-4ab8-b865-3200be7032ec,Denzel,Boston,WR,
cc800aec-c493-47cc-a0b5-cd25943b723d,Jacory,Croskey-Merritt,RB,Washington Commanders
4db220ca-0d11-4a0a-8c0a-5f5d839a6695,Omar,Cooper Jr.,WR,
0e759258-47eb-4ded-af7f-6ffce9ab2ad8,Cam,Ward,QB,Tennessee Titans
b4666b55-231e-4d43-9da1-bbf9a8ee45c8,Rashid,Shaheed,WR,Seattle Seahawks
fc569b39-da9b-4491-88a8-888f94ac25e0,Isaiah,Likely,TE,New York Giants
1fe6f38a-b63f-479a-939b-3dc73c8ffe79,Daniel,Jones,QB,Indianapolis Colts
d1acaad7-989a-4ef1-b2af-3d7c8fb104ea,Bryce,Young,QB,Carolina Panthers
ff50f9d3-ba34-4600-b2fc-e3442956121a,Zach,Charbonnet,RB,Seattle Seahawks
30fb79f0-b3cb-416b-b641-512fc05272c7,Mark,Andrews,TE,Baltimore Ravens
3e1e1a35-66fc-4687-922a-67be708da615,Jonathon,Brooks,RB,Carolina Panthers
68f1481d-0941-40aa-81ea-38f1e8705320,Tyrone,Tracy,RB,New York Giants
94840a01-90e6-400b-9566-29f14c0e3159,Fernando,Mendoza,QB,
74495a7e-40fd-4779-8599-af4dd40ec864,Brenton,Strange,TE,Jacksonville Jaguars
cd2ef29a-f0ec-4c35-8ff9-7008459c9ea2,Stefon,Diggs,WR,
409e3446-57c7-41eb-bc63-9922930f6408,Travis,Hunter,WR,Jacksonville Jaguars
08ad7286-4527-47ca-aaf8-ece58260721f,Brandon,Aiyuk,WR,San Francisco 49ers
e1d1b6a6-bdb6-4b4b-85e0-5e2e13f522c3,Keaton,Mitchell,RB,Los Angeles Chargers
99baa615-4231-4b4a-9997-53f27877f694,Juwan,Johnson,TE,New Orleans Saints
dd6719eb-1465-4a8c-82ad-4ed1b19468c8,Jacoby,Brissett,QB,Arizona Cardinals
aa96e05d-a91a-4a80-91d6-32116d8374aa,Jerry,Jeudy,WR,Cleveland Browns
6a95df23-02e5-4638-b3b8-58b8b095c3d3,Hunter,Henry,TE,New England Patriots
90ee5a59-5b0b-4b64-a075-3376298908fd,James,Conner,RB,Arizona Cardinals
f5f69e96-5d07-4d9c-afa8-5a919255bc23,Chig,Okonkwo,TE,Washington Commanders
8b9d0afa-ad57-445b-a29f-a8f4bd75b1b0,Deebo,Samuel,WR,
5cd8209f-f69e-4d56-9df1-fe4472b44be5,Woody,Marks,RB,Houston Texans
4e8b6a26-f015-4ac3-9614-43d47a520e45,Emanuel,Wilson,RB,Seattle Seahawks
a9799cdb-e946-427d-8ad6-f2416165c86c,Emmett,Johnson,RB,
27dd8866-085a-442e-8e5c-b9be46f0f1e1,Isiah,Pacheco,RB,Detroit Lions
926480b1-04f4-4476-8e7e-def8df249925,Kayshon,Boutte,WR,New England Patriots
e8d0dc47-cb5e-49b3-a294-d6bdb56dfb54,Geno,Smith,QB,New York Jets
8951e1bb-aed2-40ff-9f40-f09197f7ffd2,Adonai,Mitchell,WR,New York Jets
d19b1dcd-eec7-4301-96b7-881b2eb62b71,Isaac,TeSlaa,WR,Detroit Lions
de3a132b-38ff-4027-ac9b-07fdb60ea312,Calvin,Ridley,WR,Tennessee Titans
2382c558-7024-47ab-8330-d96bfc46eacf,Jalen,Nailor,WR,Las Vegas Raiders
fb2574b2-93b4-4b51-9cf8-b9cc210f984e,T.J.,Hockenson,TE,Minnesota Vikings
bd84d3c5-e480-434d-a474-37b6aa37195e,AJ,Barner,TE,Seattle Seahawks
5a82768a-141a-457f-a252-dba42e9bea0a,Dylan,Sampson,RB,Cleveland Browns
63e6cd88-ebad-4d92-9ca5-ac66bfdaf8a3,Tyreek,Hill,WR,
7f365916-f19e-40b0-b559-17efb21cb048,Tyjae,Spears,RB,Tennessee Titans
ffcb1d52-297b-4a07-917a-85eeb6e55600,Dalton,Schultz,TE,Houston Texans
176b92ff-5350-4e79-b289-665c0d7cba12,Brian,Robinson,RB,Atlanta Falcons
9521bc5b-33fd-4600-b4f2-05a67a6c540c,Tank,Dell,WR,Houston Texans
7518c217-a599-426f-ae03-648a0ef5abe6,Tre',Harris,WR,Los Angeles Chargers
ac1e7c91-0f2e-4a04-9f41-df3e3e7a25bd,Eli,Stowers,TE,
8d11340a-42d3-42ee-aed4-4eba9d446760,Tank,Bigsby,RB,Philadelphia Eagles
af9d15c0-f214-4bdd-9127-78092bf6ed93,Sean,Tucker,RB,Tampa Bay Buccaneers
60a15568-9b17-4917-8b41-86df4363cf5f,Christian,Kirk,WR,San Francisco 49ers
ae015c3b-80cb-4809-b94f-2e6deffec256,Darnell,Mooney,WR,New York Giants
f4724eeb-41eb-45e5-9014-1a75c182b7b6,Malik,Washington,WR,Miami Dolphins
ce842e43-c32b-465a-8894-3bda0159e731,Chimere,Dike,WR,Tennessee Titans
19d34aa6-8b80-440b-8c69-4e7cf3c0705c,Mason,Taylor,TE,New York Jets
64d033c2-2401-4f22-8244-a19610338546,Nicholas,Singleton,RB,
326bb735-d387-45b4-86bd-66066b01fd9d,Tre,Tucker,WR,Las Vegas Raiders
c9ee5554-33fc-4145-9ea3-b327726819f7,Alvin,Kamara,RB,New Orleans Saints
4aa469a8-84ad-4ffe-ab99-f9da87d7e315,David,Njoku,TE,
03d512e1-4b72-4de1-8285-4350f37c9f63,Tua,Tagovailoa,QB,Atlanta Falcons
9b21104d-a923-480e-a63e-1255457ce242,Cade,Otton,TE,Tampa Bay Buccaneers
1d92b2b2-2506-435b-ad05-c656b09d8a8e,Gunnar,Helm,TE,Tennessee Titans
08e41f38-a270-451b-a805-1c4bff521890,Braelon,Allen,RB,New York Jets
ee7eb028-bf93-4c90-82ce-caa15cb46285,Aaron,Rodgers,QB,Pittsburgh Steelers
92a05258-57c1-4d3a-8afa-df85fee7446e,Chris,Brazzell II,WR,
67dc2068-98de-4e18-b93b-677dbebdf1d9,Kimani,Vidal,RB,Los Angeles Chargers
782b59cd-fabd-4fe8-81fd-ca28c6c21612,Pat,Bryant,WR,Denver Broncos
d84bc886-2afe-4653-ae09-9c51f182c3f1,Ryan,Flournoy,WR,Dallas Cowboys
d09dca3c-77d3-4d9f-bb11-e27826513dd9,Elijah,Sarratt,WR,
23f721b9-f916-4ed4-8686-0822322a46b1,Terrance,Ferguson,TE,Los Angeles Rams
ac500226-924a-43c0-ac8c-069e9e6828fb,Kaytron,Allen,RB,
0ef29b09-0865-46b0-b7a9-aadadac80139,Pat,Freiermuth,TE,Pittsburgh Steelers
6f9e6e76-0a18-420c-99c3-89b1ef220850,Ray,Davis,RB,Buffalo Bills
b7f3c255-0896-4b47-8b32-4ee1cf262c5b,Germie,Bernard,WR,
47d7d5b8-988b-4d42-8925-399f3bb6660a,Jordan,James,RB,San Francisco 49ers
41e61444-c84a-4a89-af17-f18df3b95e21,Hollywood,Brown,WR,Philadelphia Eagles
f3350e4c-a3bf-496c-97ee-3433f7794553,Troy,Franklin,WR,Denver Broncos
0b9c1118-7fc7-40c6-acbf-fa868c438eda,Tory,Horton,WR,Seattle Seahawks
7d4a34b2-a0df-467f-bc7c-06cf8d8eb5e9,Zachariah,Branch,WR,
5efbae7f-4fd9-45f3-b374-e7dbabd26412,Najee,Harris,RB,
da3df14f-7e24-4905-82c8-b98bbd8a1f59,Michael,Penix,QB,Atlanta Falcons
835f3c26-addd-4822-a694-8752d2eeb121,Trey,Benson,RB,Arizona Cardinals
75f67e73-dde0-4688-a8a3-3156e3a618ad,Jake,Tonges,TE,San Francisco 49ers
464c09a2-80a0-4712-8950-ed00e93f22a8,Elic,Ayomanor,WR,Tennessee Titans
f664cfe3-c377-4cc9-89b4-8cc2938ea033,Ollie,Gordon,RB,Miami Dolphins
82392c97-a8fd-4cdb-9e8a-f47a9b1fde8d,Devaughn,Vele,WR,New Orleans Saints
82e5a019-bf29-4434-ab1e-710382655a66,Ty,Simpson,QB,
7713af8a-2a78-48f4-82f8-388d0c51c47c,Colby,Parkinson,TE,Los Angeles Rams
5230da50-3bd5-4d76-a0a9-d043532f926b,George,Holani,RB,Seattle Seahawks
e8a0a4a1-632a-436a-b813-a5de3994f209,Shedeur,Sanders,QB,Cleveland Browns
dd50cff2-b976-4a57-9c97-959792acc677,Kyle,Williams,WR,New England Patriots
8f6e8b3a-b230-41f1-9c39-90b2c4ef7050,Chris,Bell,WR,
169ab4a9-bca9-47db-9db0-ed4ec3acbf2f,Ted,Hurst,WR,
7be5aa07-458c-4718-891e-de1729d9c937,Mike,Gesicki,TE,Cincinnati Bengals
9d18485a-fa58-4ffb-888f-b6da592be9e6,Tez,Johnson,WR,Tampa Bay Buccaneers
92a00945-c13a-4fcd-bced-a5873f5f4b23,Justice,Hill,RB,Baltimore Ravens
1581093e-1d78-481a-8349-95eb34656fd6,Cooper,Kupp,WR,Seattle Seahawks
a4efd449-c8a6-41df-9aaa-09bda0476181,Rashod,Bateman,WR,Baltimore Ravens
b7f05306-1074-4b84-8a6c-124f655b9ff3,Dontayvion,Wicks,WR,Green Bay Packers
a5e721fb-ff37-4e01-82fc-2a59cc74d201,Jaydon,Blue,RB,Dallas Cowboys
7bbc2045-5d26-4a3d-818f-47e69d76b16f,Deshaun,Watson,QB,Cleveland Browns
1a9a34d4-5672-4ca9-9f2b-866808a9c0c6,Kirk,Cousins,QB,Las Vegas Raiders
0c5859d3-a236-49db-92fb-9184e34422e2,Antonio,Williams,WR,
107ec4ba-f365-4329-b45d-b0d20a8c7c3e,Demond,Claiborne,RB,
4ba4a315-7a76-494f-864e-52a30f8ad03b,Jaylin,Noel,WR,Houston Texans
6da1b155-129e-427c-bc9c-1e20b0e34e03,Theo,Johnson,TE,New York Giants
ff7a149c-2611-4610-851f-d4ff1b2a0db8,Justin,Fields,QB,Kansas City Chiefs
aff9428e-7f36-44f9-be0f-d79a1580b077,Emari,Demercado,RB,Kansas City Chiefs
3a274675-e842-4b10-96fc-8b4701fdbde6,Greg,Dulcich,TE,Miami Dolphins
efc614a6-e5db-487d-b5eb-23a453dfc0a7,Jalen,Tolbert,WR,Miami Dolphins
9c6f1230-984f-4ef5-881f-bcf9c005f913,Ja'Kobi,Lane,WR,
4f310fe5-b4d1-4675-b5c8-abbed8112070,Evan,Engram,TE,Denver Broncos
f88b3624-d71c-4ac5-8046-e7ed6c63e896,Jahan,Dotson,WR,Atlanta Falcons
57a04134-841f-4f7e-945b-5844e8a16c54,Keenan,Allen,WR,
55aa451f-9b75-409a-a2ac-277e84823495,Keon,Coleman,WR,Buffalo Bills
3d1aae48-cbf3-4f43-a5e5-43b481486f8c,DJ,Giddens,RB,Indianapolis Colts
1a23b2a2-60be-45d1-86c6-9d10318a2089,Adam,Randall,RB,
111b38e0-a2c2-47c9-9db5-dd8f287fc140,Tyquan,Thornton,WR,Kansas City Chiefs
7153a8d7-7858-42f1-b6db-2e240e1ae477,LeQuint,Allen,RB,Jacksonville Jaguars
f5c3b5dd-014c-48cc-9244-f06aea227153,Jack,Bech,WR,Las Vegas Raiders
f367bc00-12bb-4b39-bb7b-c23266d8fbad,Darnell,Washington,TE,Pittsburgh Steelers
7cb4a2ff-abd1-48f8-a322-bdec9925198d,Skyler,Bell,WR,
50850985-55af-482d-9370-428721ca4099,Darius,Slayton,WR,New York Giants
29f617a8-6be2-4743-a6e6-0a5c8499d0dc,Joe,Mixon,RB,
b5bc3623-8eca-467d-a012-a9369658a7b8,Jaylen,Wright,RB,Miami Dolphins
1955b297-d0de-4ca1-90db-6eb355a2ce86,Chris,Brooks,RB,Green Bay Packers
7376dc60-4fd4-4a92-abc8-378e5918b514,Seth,McGowan,RB,
1a6a17e0-cf1e-4f91-9914-20df0e250179,Malachi,Fields,WR,
2d1caddb-505e-4415-a51d-1f3be13d25d0,Mack,Hollins,WR,New England Patriots
ef2690ee-4af0-4ddd-99a2-217ab717a527,Bryce,Lance,WR,
01a7c7e6-871d-4ba5-a1fc-edf1ff0ad908,Kaleb,Johnson,RB,Pittsburgh Steelers
1c702e3c-c1a8-4953-9cf6-575098faee2f,Andrei,Iosivas,WR,Cincinnati Bengals
4635e15c-34ba-4414-a722-58dc2e81547a,Mac,Jones,QB,San Francisco 49ers
20cc1910-7c1d-4ec6-ac7e-87a1ea164998,Elijah,Arroyo,TE,Seattle Seahawks
54abd2f9-650d-4e88-994f-f58334e4e56d,Isaiah,Bond,WR,Cleveland Browns
57efa9aa-4917-48db-8c19-59086c6856f1,Kendrick,Bourne,WR,Arizona Cardinals
1859e832-1a30-40d8-a2eb-e1b6e03e6b5e,Ty,Johnson,RB,Buffalo Bills
036c8795-dc98-4c4b-b267-6e5112c0308d,Dawson,Knox,TE,Buffalo Bills
ae2bd271-da3e-4f1c-b35e-542b5dbe7ef1,Michael,Mayer,TE,Las Vegas Raiders
3ad1744c-fb26-4997-a542-0f5eb05857ba,J.J.,McCarthy,QB,Minnesota Vikings
1cb243a0-e5ca-4106-a0fc-30a2c90ebf4a,Isaac,Guerendo,RB,San Francisco 49ers
bd2bf340-5491-44e4-be01-ba60d183c994,Tutu,Atwell,WR,Miami Dolphins
fc4ff36e-64ca-487b-8783-58315b71cc99,MarShawn,Lloyd,RB,Green Bay Packers
eb8d99ee-c78f-461e-a2b3-044fe8cfc19b,DeMario,Douglas,WR,New England Patriots
746cf843-55af-45b1-9ec1-785e3a8a5f38,Treylon,Burks,WR,Washington Commanders
aa2b6057-8ad4-4389-97ee-2884f6efa2a6,Ja'Tavion,Sanders,TE,Carolina Panthers
fd837fe5-82bd-4526-8376-a5c5c1239dca,Anthony,Richardson,QB,Indianapolis Colts
0b76c06d-1f53-4128-bf57-7c54d4982666,Cole,Kmet,TE,Chicago Bears
5329f7a5-3fd5-4978-8db8-f0509ed6ed68,Olamide,Zaccheaus,WR,Atlanta Falcons
4c098745-4818-4c07-8817-b924f9a40a25,Tyler,Higbee,TE,Los Angeles Rams
4c0ad80c-c977-4995-ae78-61ce6a25f5c9,Xavier,Legette,WR,Carolina Panthers
c3805b3e-a03c-432c-97ed-7035884534ad,Brashard,Smith,RB,Kansas City Chiefs
c0f02e1d-1949-4649-964d-53c9faeabeae,Luke,McCaffrey,WR,Washington Commanders
5fe3643d-3dc2-4b67-9c43-95fc7786818a,Max,Klare,TE,
9ff2d511-ce71-4d66-b5e8-fa5489ce438b,Zach,Ertz,TE,
0b09f8d0-6a7d-48a9-afe0-0bbe0c180062,Kalif,Raymond,WR,Chicago Bears
b3347f24-59a1-4948-9b21-a2c8da9006eb,Joe,Flacco,QB,Cincinnati Bengals
92b55396-b322-4bd5-b04e-83063f7478d6,Tahj,Brooks,RB,Cincinnati Bengals
4fc6d131-6c84-4309-a9d5-905ef8846c6d,Marvin,Mims Jr.,WR,Denver Broncos
477d93fc-4165-469a-aac1-84ce4407b4b7,Devontez,Walker,WR,Baltimore Ravens
272c0c1a-726e-4b36-9e6c-e37e4f8d96d9,Devin,Neal,RB,New Orleans Saints
922daced-155f-4a9a-af0a-fcba92af3574,Malik,Davis,RB,Dallas Cowboys
fbf48b31-77fa-400c-bbe6-abd8e6004a8c,Calvin,Austin III,WR,New York Giants
f89232a2-bd02-4d37-82a1-af834e8d84cb,Kenny,McIntosh,RB,Seattle Seahawks
f5fdf328-5c5f-466f-afd0-843fd37b1fe1,Jaylin,Lane,WR,Washington Commanders
73f93000-e737-467e-b6e1-12ec4afcec3b,Efton,Chism,WR,New England Patriots
86689076-b3cd-4631-9843-6f8c377741f9,Eric,McAlister,WR,
5aee8658-2103-468c-991c-6c0b98c553c4,Kaelon,Black,RB,
b418b86e-2e2d-4636-961e-7d6158ad8305,Jerome,Ford,RB,Washington Commanders
e457ff62-a20b-4cf4-8cdb-7307cbc32371,KeAndre,Lambert-Smith,WR,Los Angeles Chargers
d4d57306-1f57-4c97-b9f1-e9be5859e2fe,Charlie,Kolar,TE,Los Angeles Chargers
5a1b6f45-9348-4298-a05b-ca991862ac6d,Roman,Hemby,RB,
b2587036-40c5-444c-aa12-6e09487126fa,Elijah,Moore,WR,Philadelphia Eagles
911fc26f-2fc8-4cd5-b3d6-20ae5c037530,Trevor,Etienne,RB,Carolina Panthers
bd79099e-8cd8-40f1-b307-3182352c98f6,KaVontae,Turpin,WR,Dallas Cowboys
4775922f-d63c-40bd-a1f6-d44c81317285,Sam,Roush,TE,
753b1d6b-59b1-4cb6-a1ff-217e0fd6830b,Cedric,Tillman,WR,Cleveland Browns
95e740fa-0d8f-457d-8ad9-edd3ba56f87e,Brenen,Thompson,WR,
59da68f2-de52-443a-ace3-8e34342f6ce2,Nick,Chubb,RB,Houston Texans
a2d52904-0e15-4677-8213-f3f897e204a7,Rasheen,Ali,RB,Baltimore Ravens
1cf87d0b-c201-4aeb-820d-89e99ed2c1ac,Dont'e,Thornton,WR,Las Vegas Raiders
d82391aa-2a27-463d-9e85-ff5e5480e72e,Jimmy,Horn,WR,Carolina Panthers
ec4b8373-f15c-4546-a965-9fbff744078d,Jarquez,Hunter,RB,Los Angeles Rams
ecc4cd21-34b1-40c3-bd97-d84ba1598422,Kareem,Hunt,RB,
22d6bbd7-4741-4bf0-9314-c269fa1c0b14,Michael,Trigg,TE,
8762dbd9-e3bc-4ab9-a43f-dbd99ecac44f,Jalen,Milroe,QB,Seattle Seahawks
c211fbd1-1bc1-43e8-9bd5-c9762d842adc,Jameis,Winston,QB,New York Giants
44830354-1fbe-422d-9c69-e7c0b239da96,Will,Howard,QB,Pittsburgh Steelers
8852b212-06e9-4aae-9ea8-b4fb224d7b51,Oscar,Delp,TE,
6230d989-7cf0-4d27-a572-2977f6db6082,J'Mari,Taylor,RB,
6522d633-5a50-4788-bcf2-e6a148a70032,Jackson,Hawes,TE,Buffalo Bills
7b5a69e7-7400-4deb-aa3e-a279a4061972,Dyami,Brown,WR,Washington Commanders
d85b3e3e-9dd6-4fc3-b273-d158cac4042b,Roman,Wilson,WR,Pittsburgh Steelers
07fdbc26-09de-4730-b655-6ecf532cac5e,Nick,Westbrook-Ikhine,WR,Indianapolis Colts
f39d1fe9-2044-44b0-aaec-7fa31f56409f,Savion,Williams,WR,Green Bay Packers
77eb4056-0295-4c03-973b-8acdc8878d93,John,Metchie III,WR,Carolina Panthers
d63678d4-2534-414f-985d-b398341b93b1,Tai,Felton,WR,Minnesota Vikings
8a519f2f-6553-4bc9-b58e-7a6971bcfbec,Will,Shipley,RB,Philadelphia Eagles
a5764781-2921-4b91-91da-c337006e8514,Greg,Dortch,WR,Detroit Lions
d4c0b5a1-4361-4024-bbb8-0fa381b1b991,Kyle,Allen,QB,Buffalo Bills
356ef285-d287-4a16-b283-5c020d236ebc,Odell,Beckham Jr.,WR,
7c5e95b0-9ab7-431a-bf2a-3b51f0f7f570,Terion,Stewart,RB,
234b2e72-185e-4efb-ade2-2a8613933716,Erick,All,TE,Cincinnati Bengals
8b475a9b-77f9-4f09-a58b-9dd4ee4c658b,Daniel,Bellinger,TE,Tennessee Titans
c9ad25b8-13bd-4e97-99bc-a1b7af2dbcf0,Jalen,Royals,WR,Kansas City Chiefs
f0d6d287-37c4-4b90-805d-4a36f073ddc3,Taylen,Green,QB,
9a98f7ed-df5a-4c8d-8336-155f45fd92bd,Andrew,Armstrong,WR,Kansas City Chiefs
0ce46781-f812-4576-8124-cdcbd6bf7b00,CJ,Daniels,WR,
505fb836-83bf-42e9-b24d-510d7b2ecce0,Isaiah,Davis,RB,New York Jets
9cbbe17d-ecad-4b58-bf87-de1a18d116a9,Le'Veon,Moss,RB,
d035fd16-716f-46dc-b6a5-8d8c654ace1d,Noah,Gray,TE,Kansas City Chiefs
84a700c5-f13f-4853-997b-9800202122b0,Samaje,Perine,RB,Cincinnati Bengals
f03b3576-13c8-44ee-869e-ac65c3c608e3,Gardner,Minshew II,QB,Arizona Cardinals
7ea9745d-8f67-4699-8a2f-7c651652f429,Tyler,Conklin,TE,Detroit Lions
39ff6df1-8ae7-4825-9786-3b4b1801fa04,Darren,Waller,TE,
a3855574-fc84-4040-8dc8-24e931a19e44,Mitchell,Evans,TE,Carolina Panthers
d6e438fd-cb01-4708-9dc5-2bd7c247079e,Tyler,Huntley,QB,Baltimore Ravens
019fe129-8b41-4fb4-994c-d3efd09194f7,Carson,Wentz,QB,Minnesota Vikings
6cff5157-d123-4caa-bb82-6483f7793417,Phil,Mafah,RB,Dallas Cowboys
1c6bb285-6790-444e-ba75-3aa9854cc1a8,Mitch,Tinsley,WR,Cincinnati Bengals
6379a719-97a0-4c2d-aa89-034e5e988504,Cole,Payton,QB,
cd32bb06-70fe-4e47-8335-54886353efbd,Ja'Lynn,Polk,WR,New Orleans Saints
05de790f-79da-435a-ab72-018535015f9f,Jonnu,Smith,TE,
108884f0-5d51-4faa-84a1-63e3901b3f6d,Justin,Joly,TE,
6035d663-667c-4c4b-83b6-709f4fea3e78,De'Zhaun,Stribling,WR,
8f76de6d-47fb-4c10-8965-f33195b80758,Noah,Fant,TE,New Orleans Saints
1ac92723-f022-40f6-85a3-cce535e6ea8c,Isaiah,Williams,WR,New York Jets
c30ce972-02ca-4b3b-8405-4f6bb46b6364,Audric,Estime,RB,New Orleans Saints
1b025583-2d9d-41ee-82ad-90d25738342d,Mason,Rudolph,QB,Pittsburgh Steelers
6793684c-c3e4-41d0-aba8-3c12cf31dee5,LaJohntay,Wester,WR,Baltimore Ravens
dba9a4db-b549-48c1-8799-390c65a1e10f,Patrick,Taylor,RB,San Francisco 49ers
1c4330b5-cba6-41fa-9b93-c70c7feff312,Kevin,Coleman Jr.,WR,
c5de8ed3-778c-4bf2-9372-5a33d827d7d2,Jaydn,Ott,RB,
dd57713f-8def-4e3d-971e-8ccbf27ec96d,Deion,Burks,WR,
2d306049-f2ee-4e1f-9e32-c18953dda789,Jam,Miller,RB,
5fc1c4e5-a1e7-474f-a398-b65afe45f36a,Theo,Wease,WR,Miami Dolphins
1af21364-03f8-40e7-ba98-64240f056f07,Darius,Cooper,WR,Philadelphia Eagles
3a1ccd06-5ade-4209-a809-fa13708c08de,Konata,Mumpfield,WR,Los Angeles Rams
367acb54-c2a9-41a1-b5a6-dc4f9eeda942,Elijah,Higgins,TE,Arizona Cardinals
1449de8a-170b-4796-a6e1-ac4eb86d71af,Cade,Stover,TE,Houston Texans
4ec3096e-85b1-4bed-bbe0-ad93af10cd23,Joshua,Palmer,WR,Buffalo Bills
0f29a100-2661-43c5-908f-2af65be92e58,Demarcus,Robinson,WR,San Francisco 49ers
0003dc1c-d97c-44d5-b9e8-a9bc13c8f5da,Tommy,Tremble,TE,Carolina Panthers
606331e0-39e3-4290-95b6-510847801206,Tyrell,Shavers,WR,Buffalo Bills
8c383743-d5f0-404b-b01d-e66951cb6ebc,Marcus,Mariota,QB,Washington Commanders
58298bb5-9450-456b-9391-abfc4b1eaa54,Tanner,McKee,QB,Philadelphia Eagles
d0b53d7d-76eb-4e82-8db2-fc26bec67503,Damien,Martinez,RB,Green Bay Packers
0a448fcf-22af-4255-bc5f-0e3ed8d9aab7,Noah,Whittington,RB,
557a330b-eeb4-4b1a-81cf-5d354d370362,Garrett,Nussmeier,QB,
00cd0797-b0a6-43d4-a0de-cee76e099d00,Eli,Raridon,TE,
31fbbcd9-4a40-49c8-b168-4e15ebb95820,DeAndre,Hopkins,WR,
c2ce1c18-624b-4c0e-a9be-c82e3ee04fed,Drew,Allar,QB,
8da25484-046a-4ce4-b7c4-7f6bacb39580,Riley,Leonard,QB,Indianapolis Colts
4bfd9da7-7835-465a-b998-1447005c530d,Taysom,Hill,TE,
b432cd51-b052-4a4e-88e0-9ed91fbd674c,Rahsul,Faison,RB,
f7ea2f98-7d0c-4b65-a548-0629f5b020df,Tanner,Koziol,TE,
d44d8a80-96de-4105-9dd2-e4d085691614,Austin,Hooper,TE,Atlanta Falcons
8e34bdfb-5ab5-41cb-a015-dc2eb2e775f4,Jawhar,Jordan,RB,Houston Texans
dffcbbf6-f603-4a70-8682-63d4f83a4302,Jaleel,McLaughlin,RB,Denver Broncos
758c7716-ca1e-4f7a-b07d-4bf86d58abf5,Jeremy,McNichols,RB,Washington Commanders
e6993fca-2e17-4844-832a-3d5d5ccdb925,Zavier,Scott,RB,Minnesota Vikings
a68c6f57-4156-4799-be95-84f7494df9d6,Raheim,Sanders,RB,Cleveland Browns
b9aaba36-c7ba-421e-a045-65d9916922ed,Cam,Akers,RB,Seattle Seahawks
3421d78c-4246-4224-8200-97c57d69f259,Mason,Tipton,WR,New Orleans Saints
06c94f4d-9955-4df6-88f3-82192ac64306,Derek,Carr,QB,
969dc96b-9c70-4e7f-bd79-a9abcc904c16,Luke,Musgrave,TE,Green Bay Packers
d1d6cc62-cd7a-44a5-9f54-397e09d8d03c,Xavier,Hutchinson,WR,Houston Texans
0322674c-fea4-431e-b845-635db4582445,Kevin,Austin,WR,New Orleans Saints
61b509f3-8157-400a-8afb-1eb1544d6297,Van,Jefferson,WR,Washington Commanders
d51bcae6-66c5-457b-b11a-585c565f254f,Josh,Oliver,TE,Minnesota Vikings
2121ea3b-6086-457c-a2ad-59a0376f2d31,Jeremy,Ruckert,TE,New York Jets
659a6eb0-04b1-4a76-b299-607ed0c4de03,John,Bates,TE,Washington Commanders
b34e3e56-678c-484b-b2ad-978517044fe5,Drew,Sample,TE,Cincinnati Bengals
28e2f4da-e11f-4b7b-b037-6bfb68882a55,Ben,Sinnott,TE,Washington Commanders
b1c2882e-513b-4624-8e7c-9d14a2fed78a,Luke,Schoonmaker,TE,Dallas Cowboys
2ba4b3c9-f3b5-4bfa-90c8-89d5d6e8e584,Grant,Calcaterra,TE,Philadelphia Eagles
d2995db6-a701-4f72-946f-ed6dacb27308,Brevyn,Spann-Ford,TE,Dallas Cowboys
7142dc83-4a74-4f57-ad05-6033924ad811,Adam,Trautman,TE,Denver Broncos
e5a6acbc-57ed-4d83-b81a-eabe5e3e7440,Brock,Wright,TE,Detroit Lions
a56a549f-ed19-489c-b7bf-b548ce4981d9,Xavier,Smith,WR,Los Angeles Rams
a3c951a4-f4db-49f9-a83e-5e6faec275c2,Dameon,Pierce,RB,Philadelphia Eagles
abb3bb26-e2ac-4b50-bbf1-88c25e60d809,Lil'Jordan,Humphrey,WR,Denver Broncos
9f807940-82e5-494b-93c4-ccdc430ba708,Jordan,Whittington,WR,Los Angeles Rams
3d4e571f-3b3d-44fb-b9e0-29923e1445cf,Tyler,Badie,RB,Denver Broncos
bc52ac19-8880-4eeb-916e-c90614af6446,Trey,Lance,QB,Los Angeles Chargers
7a175a94-97b3-481b-90e5-e601a98255c2,Kyle,Juszczyk,RB,San Francisco 49ers
08da7694-d7ff-4a5b-9e01-d9c644e3d159,Connor,Heyward,TE,Las Vegas Raiders
4127ce39-eab1-4fde-a243-b321658ce41a,Will,Levis,QB,Tennessee Titans
f5de42fe-f1a8-4c1d-a9a4-ece1c3178528,Spencer,Rattler,QB,New Orleans Saints
d4db647e-41d0-4c92-baf1-1a6986cf33c8,Tyson,Bagent,QB,Chicago Bears
915b4414-742d-4559-a918-9098e944f727,Quinn,Ewers,QB,Miami Dolphins
bea10bf8-73af-4651-aad4-e25dcd19f3e2,Joe,Milton,QB,Dallas Cowboys
de1503a0-15f6-4d40-8a3e-f336ac1f99c1,Jarrett,Stidham,QB,Denver Broncos
3ec8136f-b031-4530-a066-76b296896aa6,Davis,Mills,QB,Houston Texans
2241478c-247f-43c8-8799-5ce84006261f,Nick,Mullens,QB,Jacksonville Jaguars
66bef5c8-08da-4a5a-961e-53ef90ad7db5,Mitchell,Trubisky,QB,Tennessee Titans
4419323d-2700-4679-a273-9ba93e0beb3e,Dillon,Gabriel,QB,Cleveland Browns
1ffa82e6-6680-4876-8f5f-59460b6ee787,Andy,Dalton,QB,Philadelphia Eagles
29c14b7e-5e1b-4efc-9a3e-630ce46f889f,Teddy,Bridgewater,QB,Detroit Lions
bfd31cf9-4398-47ba-9c18-bf06fd5318c8,Tip,Reiman,TE,Arizona Cardinals
b5dde602-8a5d-44d6-9fbb-74befd1a3977,Mo,Alie-Cox,TE,Indianapolis Colts
bed3982f-af74-4e6e-8495-18768257599e,Josh,Johnson,QB,Cincinnati Bengals
5bb716a3-ed73-45d8-991e-ce8e0a6547e3,Lucas,Krull,TE,Denver Broncos
f3a8cfdc-179e-43b4-b6ea-3c914ab32497,Malachi,Corley,WR,Cleveland Browns
d4a4b17a-9444-48f1-a6b2-35b03f2552f6,Devin,Singletary,RB,New York Giants
a77838e9-5f47-46a3-818b-fc44e57a5e32,Ty,Chandler,RB,New Orleans Saints
eba38fdf-8481-48a6-8258-f482a2470e13,Nate,Adkins,TE,Denver Broncos
f9f01f83-1f87-4709-b6ee-36b2bae56625,Davis,Allen,TE,Los Angeles Rams
5be4e4af-6d6c-4c33-b1bd-3edc092cb1bd,Foster,Moreau,TE,Houston Texans
2e5f141f-5c81-4990-9b8f-fd446eff884d,Luke,Farrell,TE,San Francisco 49ers
28530ac1-c0b8-4058-b8df-6cd9ae631ca7,Gunner,Olszewski,WR,New York Giants
8f92824b-129c-45ea-925b-e83ca5d74af0,Isaiah,Hodgins,WR,New York Giants
8fd06f5c-db56-49b2-866c-09de850dfa53,Quintin,Morris,TE,Jacksonville Jaguars
f1932f6d-e488-49be-86c6-15b42f80c591,Michael,Carter,RB,Tennessee Titans
1363b73c-21a2-41fb-8195-7b5c1f887e86,Tylan,Wallace,WR,Cleveland Browns
947d4fd4-d134-472e-8094-9cc65ac90298,Cody,White,WR,Seattle Seahawks
df4b2eea-13a7-4f20-bde9-5d4c296c4dbd,Hunter,Luepke,RB,Dallas Cowboys
bbdba701-e39c-4354-93a3-698d61ba972f,Payne,Durham,TE,Tampa Bay Buccaneers
00ab5577-e2c9-4f98-bbcf-55044b5ad548,Charlie,Woerner,TE,Atlanta Falcons
68afae04-b5da-45dd-ae18-fdbc5957ccb8,Xavier,Restrepo,WR,Tennessee Titans
520f9fe7-83d8-4d66-8bc6-84ef8b2204d8,Xavier,Weaver,WR,Arizona Cardinals
28e0ef75-cee5-4e78-8426-6cee74a14892,Ronnie,Rivers,RB,Los Angeles Rams
096ea79a-db7d-42b2-9527-0733f36ca39b,Arian,Smith,WR,New York Jets
7c2e086d-1b99-46b8-96ab-cc339fdc3f9f,Jack,Stoll,TE,Cleveland Browns
662a5b5c-67ec-4030-b187-857723d943dd,Brevin,Jordan,TE,Houston Texans
a2251319-58c9-416f-ac11-9b3f0340029f,Devin,Culp,TE,Tampa Bay Buccaneers
f7ca9d93-9715-43b5-a643-ba4de4426b4b,Jalen,Brooks,WR,Arizona Cardinals
71a5ed0a-c1c7-407c-8760-c4136475cc88,Josh,Whyle,TE,Green Bay Packers
873b9223-5b59-4375-8252-61286e86a477,Julius,Chestnut,RB,Tennessee Titans
030156fc-dd1c-4492-9402-3d099393a8bf,Kendre,Miller,RB,New Orleans Saints
f9fd911a-aff1-4921-8845-56d4497ebebd,Kalel,Mullings,RB,Tennessee Titans
9c6ea7f1-539d-45a4-91cf-c988163c7b3f,Tanner,Hudson,TE,Cincinnati Bengals
ddc0f896-802b-4ddf-8c22-e98ec3169854,Stone,Smartt,TE,Philadelphia Eagles
592c5b77-96d2-45c3-86ab-4ba327198038,Eric,Saubert,TE,Seattle Seahawks
79081b06-9bac-4309-8a3d-af85a8235b93,Dylan,Laube,RB,Las Vegas Raiders
fa319b14-7d32-4372-8d57-8f92ff09109c,Julian,Hill,TE,New England Patriots
6337338e-e5cf-412e-8e9e-d8c8492f001e,Drew,Ogletree,TE,Indianapolis Colts
81e99ba0-9f0e-44e3-80bb-ea81ed4cde78,Tyler,Goodson,RB,Atlanta Falcons
13e0ad07-3276-42a7-bec7-fd290d8b26e2,Dareke,Young,WR,Las Vegas Raiders
d304acd5-ea6d-4710-999b-9c6648827778,Blake,Whiteheart,TE,Cleveland Browns
2b949a2e-8259-4398-8087-e8fab6acf5ea,Ricky,White,WR,Seattle Seahawks
d47af19d-9d81-42aa-b9f3-8847997af855,Jake,Bobo,WR,Seattle Seahawks
20ae99e6-60d7-4f39-9ae8-6a5c20383a03,Sione,Vaki,RB,Detroit Lions
d9b7075e-9de9-477e-b185-684cefe52693,Ben,Yurosek,TE,Minnesota Vikings
32c79af0-accb-47a7-9c9c-8c546587480e,Kylen,Granson,TE,Tennessee Titans
47ddbaf6-6cb4-42a6-8d78-1e401ef955c0,Cameron,Latu,TE,Philadelphia Eagles
feb9b70d-759f-469e-b557-c9ca28ff06aa,Trent,Sherfield,WR,Buffalo Bills
5a7e2316-63ba-4ef7-bf6c-06c8b317770a,Anthony,Gould,WR,Indianapolis Colts
c8e8f6cf-3cab-40b4-ba67-89c1978090b6,Skyy,Moore,WR,Green Bay Packers
2f6c2c7d-86bd-4b8f-9acd-bad08b0c6043,Ashton,Dulin,WR,Indianapolis Colts
1cd98e4c-4539-4eb1-bc91-830e7bea1a14,Durham,Smythe,TE,Baltimore Ravens
9c570021-3997-4b69-ab4b-5d9955293448,Donovan,Edwards,RB,Miami Dolphins
41c1151e-a9b8-4e12-9d2f-7bbee1368978,Jordan,Watkins,WR,San Francisco 49ers
3a3028c7-5716-4c9c-8c94-c0ed213b7cfb,Chris,Manhertz,TE,New York Giants
ba8e4cef-4cae-4913-b451-ec3dd918cc86,Ko,Kieft,TE,Tampa Bay Buccaneers
b9ec593d-1c53-4ccd-b290-9044821c9acd,Feleipe,Franks,TE,Carolina Panthers
3118b977-5f8c-4e36-a37f-89dd9e483f3e,David,Moore,WR,Carolina Panthers
fd8c3745-7b0f-45c5-b5e7-1d92131113b1,Jacob,Cowing,WR,San Francisco 49ers
a0d0cb7f-0845-4357-a235-0f22695fed8b,Derius,Davis,WR,Los Angeles Chargers
7e519217-229f-4c34-bf07-90873109840b,Elijah,Mitchell,RB,New England Patriots
dba8f291-31ba-442d-9ebd-929ebe516b8e,Devin,Duvernay,WR,Arizona Cardinals
93455425-747c-4885-bba0-121113077d65,Nikko,Remigio,WR,Kansas City Chiefs
62455381-e29c-4070-bbfb-5d3fcfc19768,Ben,Skowronek,WR,Pittsburgh Steelers
946be41d-44a2-4b57-83e4-790be8a99f7a,Trey,Burton,TE,
948c86d3-7c63-4e8e-a5aa-5ff7873fd75c,Sam,Ehlinger,QB,Denver Broncos
95dc3c54-2233-44d4-8ac4-f07567ba54fe,Austin,Allen,TE,
96e323c6-171e-4e00-a386-4e9a9cf81ecd,KhaDarel,Hodge,WR,
971fd60b-bf84-400c-baf0-ef2e50174688,Tyler,Scott,WR,Los Angeles Rams
979446fa-0062-4c67-95bb-f863fd92c7e1,Cam,Camper,WR,
98c758a9-79bf-4964-bee3-f3b4956ed41c,Sage,Surratt,TE,
99778f09-5586-4bef-8357-a7e2c501361e,Jason,Cabinda,RB,
99afd779-9bf1-42fb-8127-ea6ab3aedf19,Deuce,Vaughn,RB,Denver Broncos
99d37459-b471-4779-aa57-e49c6bff496d,Rakim,Jarrett,WR,
99ebfa71-e2a5-4db7-9c8e-99828cb55d7e,Reggie,Gilliam,RB,New England Patriots
9abad0cd-285e-441f-98f7-8791da774a06,Cade,Johnson,WR,
9ad7ef3e-caf1-41de-b2a3-2a5b8bcaab7d,Elijhah,Badger,WR,
9aee9825-9b31-4103-a264-05d121ea68ed,Kobe,Hudson,WR,
9b240af6-c531-4a20-9f86-2bcd49c62cb0,Mitchell,Wilcox,TE,
9b69396c-e209-4536-a39c-6c9f70a589ed,Mike,Harley,WR,
9bae3f10-818d-4771-b860-babacfb60d8e,Frank,Darby,WR,
9bbc0272-74f0-47eb-84b5-03606d8b69c1,Jashaun,Corbin,RB,
9bde87ce-d352-4e87-995f-33c34e1e2263,Ian,Thomas,TE,
9bf7e807-9255-494d-ae87-e483b4616a08,Austin,Watkins,WR,
9c1e65d0-0dda-475f-96d2-3a91cd012080,Ray-Ray,McCloud III,WR,
9c729e5d-abcf-4f34-bc21-d3e7372528b9,Erik,Krommenhoek,TE,
9c7a92d0-17d9-4367-b132-c9df3aa515f7,Joel,Wilson,TE,Tennessee Titans
9cce59bd-adfb-481b-bd06-8a05ed2c1c84,Kendall,Blanton,TE,
9cd519c6-84b1-4490-a1e3-de620f0a5bc6,Squirrel,White,WR,
9cef4730-7414-4fd1-96e8-5dac7245f7aa,Dillon,Johnson,RB,
9d008cfc-f156-44d2-9310-5bba1883e134,Blaine,Gabbert,QB,
9d0470f7-85ec-4bd9-8252-f6ffd41ee83f,Allen,Lazard,WR,
9e1c5709-b78e-41a0-a721-afae05adf520,CJ,Dippre,TE,New England Patriots
9e469b46-1982-4187-8d25-94f787628f4f,Justin,Shorter,WR,Las Vegas Raiders
9f59f90e-80be-445b-97ca-7af9b064f764,Nick,Boyle,TE,
9f674c61-4d4c-4c5d-a936-f5c70a88bbcd,Brenden,Rice,WR,Las Vegas Raiders
9ffc7436-6de6-411b-a41e-2e8271ebd00b,Clyde,Edwards-Helaire,RB,
a021e817-ea3f-4b75-ac79-737b49fc595f,Chris,Moore,WR,
a0658322-de81-40ff-9d77-fe850605c840,Dallen,Bentley,TE,
a09bda92-7c28-4aac-88ba-a9b7c0493960,Treyton,Welch,TE,New Orleans Saints
a0a7422a-68a2-4c2a-a9ff-77df0e76f04a,Irv,Smith Jr.,TE,
a0cb738d-6c8b-4a55-b26c-e8f11a38e15e,Bryce,Ford-Wheaton,WR,
a10f24b4-01c9-4ccb-8c3f-526a9a493be0,Beaux,Collins,WR,New York Giants
a11398eb-b54d-4f2a-8172-084ffdf1b3e1,Kaden,Davis,WR,
a135c7f9-e936-47a9-a988-1e8747d5e725,Shi,Smith,WR,
a1c8eda7-7ae1-4520-ae7e-eb816c29a598,D.J.,Montgomery,WR,
a1fd4466-c24f-4e8c-9db5-79a699d5dabf,Dede,Westbrook,WR,
a20f4d02-49d4-404f-b227-9ab3a32e498d,Jadon,Janke,WR,
a2525398-98ae-4d28-a331-dc982702c276,Keaontay,Ingram,RB,
a276ce30-cc56-4a6a-ba81-70cd46a954e7,Deonte,Harty,WR,
a29113c2-8a72-4169-aaf1-cd7a95b66bec,Nick,Nash,WR,Washington Commanders
a2a7b633-f2ba-41af-ac40-0dac63138a32,Kevin,White,WR,
a2d1e483-1865-43f2-935f-086bcf8d319c,Jalen,Camp,WR,
a36ebcfa-b8fe-4432-a2fe-0e7bad82950e,Eric,Gray,RB,New York Giants
a3b2471f-2b81-4f1a-a9ba-e0af1a295cb8,Latavius,Murray,RB,
a3e57bc1-2e7c-4c67-87dc-658c6486e714,Tyler,Davis,TE,
a46fc4e8-17d8-4fff-9fad-5affc2bb13e5,Clayton,Tune,QB,
a47e9a84-2ba0-4ec7-b348-ff5c074a1521,Terique,Owens,WR,
a4d35a57-5284-4026-8fc3-a903ed7bc6a0,Russell,Wilson,QB,
a4e2e338-dbba-4dc0-873d-4bac22ed8ff8,John Samuel,Shenker,TE,
a4e98011-9742-44bd-aff9-0d6e6a865d4a,Daewood,Davis,WR,
a51791c7-80ee-4b6f-9a95-62345b0c3db7,Pharaoh,Brown,TE,
a550c36f-e3eb-4eb8-a12f-3dc48322cfe0,Deon,Cain,WR,
a564b307-0184-4740-af86-9b72181248cb,KJ,Hamler,WR,
a5d49ad7-fa78-4353-9d37-bdc4ae9f58ec,Trebor,Pena,WR,
a6372957-3c3c-4b9a-9c91-ea8f628f68a2,Zack,Moss,RB,
a63b16fe-2efd-4058-b462-f5ff5419d56b,David,Sills,WR,
a68cc165-722c-4c8c-b1cc-e3ff68a652c4,Chris,Myarick,TE,
a72e7e5f-7080-4a31-8561-2e75362b26a3,Michael,Gallup,WR,
a733daf8-d533-4acb-845a-4882de81f55b,Ja'Corey,Brooks,WR,Washington Commanders
a7513a57-5efd-4466-9c56-4c394de63ed0,J.J.,Taylor,RB,
a7847a9d-925c-4572-8365-ccda369599c9,Chris,Hilton Jr.,WR,
a7aeb62f-4993-4024-b4df-4caed14cbf30,Dane,Key,WR,
a7c34050-754a-4629-96ef-0201bd1d0af0,Lan,Larison,RB,New England Patriots
a7e10d4a-ef86-4199-840b-5f0dab781aac,Josh,Kelly,WR,Houston Texans
a7e53e33-8390-446b-b9eb-387675d8385c,Dymere,Miller,WR,
a81a9004-e54a-4dc0-ae3d-7acd5737c598,Tucker,Fisk,TE,
a8250126-2f26-4136-810f-4a03cb8eb33c,Marcus,Yarns,RB,
a838abda-03ef-49fa-9132-4d0b40b28d49,Allen,Robinson II,WR,
a85478c9-112c-4fac-ae34-3dd5f1b33cac,Jalen,Wayne,WR,
a875560b-e5f6-4a9b-9fca-52bc15463ef6,Quez,Watkins,WR,Philadelphia Eagles
a8817354-be8b-4e9f-8b0a-ef51d00d2a30,Thomas,Odukoya,TE,
a8a5ac07-b5b6-42c4-be8b-757d5f2a8a1b,Jordan,Moore,WR,Cincinnati Bengals
a944820f-9c45-4a9a-a81e-c608943d0557,D'Onta,Foreman,RB,
a99621e6-0cc4-4f1b-94f0-bd8831261864,DeMeer,Blankumsee,WR,
a9fb07c4-50ff-4815-996d-e9f3ae0e5a29,J.Michael,Sturdivant,WR,
aa5dcd37-8c55-427d-b4d2-47f38144d1d8,Kevin,Rader,TE,
aa5e4a0f-9c17-4ea7-9457-df81475f902b,Kenny,Pickett,QB,Carolina Panthers
aaf80b4f-1c99-4b2e-98e2-5443da19370c,Jaren,Hall,QB,
ab3176da-23d6-4e1c-9164-8bc76f2818e7,Tommy,Sweeney,TE,
ac8ac056-a27d-426c-89d7-e3fb90f5dcb8,Ethan,Fernea,WR,
acc8d587-fb20-4535-b2db-b3df0b33119b,SaRodorick,Thompson,RB,
ad544aa0-8fbe-475f-b5a3-1ccf608df508,Xazavian,Valladay,RB,
ad8ec5e3-d765-4a93-a0a5-66ee85d2af9d,Tyrie,Cleveland,WR,
ae8cfb98-3452-444f-b0d0-ac0eaacfa823,John,Wolford,QB,
aee190d5-5074-4268-8786-e087776ba5d9,Kayron,Lynch-Adams,RB,
aef434aa-3b64-48ca-8813-76032157926b,Isaiah,McKenzie,WR,
aefbd930-1215-40d1-8cd3-7a9964456bcc,Ty,Montgomery,WR,
af1ba25c-744a-4cca-bf0a-32e60d12b8ec,Nate,Sudfeld,QB,
af25b8f1-ecd8-4ed4-aaf4-154925cc46bf,Tay,Martin,WR,
af5e0750-0b39-4612-9453-dd7bda2482aa,Trinity,Benson,WR,
af6cfc5d-828c-4cfc-a894-cac569c64d2c,Duece,Watts,WR,
af989b67-754e-44f4-af2f-8a4b855d6e41,Holton,Ahlers,QB,
afedf3fc-4e91-4d73-8a6e-73df86b31442,Princeton,Fant,TE,Dallas Cowboys
affd4f18-d027-4388-ab03-126b183d6fe8,Lee,Smith,TE,
b0094763-cd0d-4baa-a18b-cca9d549ef41,Russell,Gage,WR,
b05e95d1-eff5-4102-b018-c3f6145b908c,Robert,Woods,WR,
b07d1cdd-2f18-46c5-a4e8-0459c372b4f7,Trayveon,Williams,RB,
b11990ac-1c56-47fb-9e2a-d4f39cca3ccc,Jordan,Akins,TE,
b11c1154-bf3b-46ef-9d07-d46571409424,Johnny,Johnson,WR,
b11eb8c6-5a8a-4422-9f18-fbf10b7899f4,Trenton,Irwin,WR,
b134346b-f6b3-4435-94f7-14ec62715422,Kole,Taylor,TE,
b1af2b4b-f81f-4782-8ac5-e99b7ce16c27,Jaydon,Mickens,WR,
b22fb1d7-1b34-44fa-ab8a-6f073d62eeeb,Kristian,Wilkerson,WR,
b24f7ee6-3cf4-4643-94c2-c8f81c83ed46,Jesse,James,TE,
b297d4f1-7fcf-4947-a62c-af7e09ee5e50,Jacques,Patrick,RB,
b29a35f8-b5cf-446e-859b-c95746766eb5,Deontay,Burnett,WR,
b2ccea15-5075-4cb1-9e92-c0aa25840e90,Matt,Landers,WR,
b32f20b8-c3e6-49e3-a425-ddfd8bde0cca,Nick,Williams,WR,
b37a7351-fe5f-4ee0-8335-3358adcab0c8,Ainias,Smith,WR,Carolina Panthers
b387d70a-dfd3-4ff8-8f4d-4258d1124a14,Amari,Rodgers,WR,
b48975bc-a916-4231-9dc1-44e90cd49611,Jamaal,Williams,RB,
b4c26bf1-9c8d-4963-87ef-b32372400597,Bryson,Nesbit,TE,Minnesota Vikings
b4d88882-b800-45f0-a63f-bb8083d1c71c,Kyle,Philips,WR,
b4e23a35-b67d-4b5b-a78a-0e07e03dba5f,Evan,Hull,RB,New Orleans Saints
b4fb4d6a-c59b-4819-a62a-cb9c65330ea0,Jack,Endries,TE,
b549b6b8-2d2f-4234-8607-e26088147ad1,Gerald,Everett,TE,
b54fa067-5d20-4d76-a6fd-36f7f4a39964,David,Bell,WR,
b585f5ea-1f51-42ed-8e5e-9d9d069cbf8e,Mason,Fairchild,TE,
b58f9399-55af-4188-a3ee-2d27171962d3,Emory,Jones,QB,
b5b4e3d3-d247-44a1-a3a1-6fefb8b4da1b,A.T.,Perry,WR,Pittsburgh Steelers
b615b221-09f7-4a24-be98-89af173963e2,Tyler,Kahmann,WR,
b61945bc-3560-48c0-8633-b98a96f710ee,Dontrell,Hilliard,RB,
b6676f72-fdb0-4813-b85f-1508784b3c12,Josh,Doctson,WR,
b6f988d4-da87-46c7-8910-85e152331ea7,Chris,Evans,RB,
b722fad9-3036-480f-bcb2-4890dbc2f0d9,Sam,Hartman,QB,Washington Commanders
b73b8cbe-97ad-4b48-a018-5c6bec6c348d,Troy,Fumagalli,TE,
b746d1e7-b356-49be-b9ef-a32f27140fa1,Tanner,Taula,TE,
b7543f0b-7e23-430b-85c3-e4f82d59696a,Aaron,Shampklin,RB,
b76372c1-1d17-4e68-8469-c1537a7e925f,Derrick,Gore,RB,
b795411a-f2bb-40c0-a9a1-08fb80e64120,Johnny,Wilson,WR,Philadelphia Eagles
b7bcbe20-658b-4284-94e7-6601d7bae090,Izaiah,Gathings,WR,
b7d7b9e6-a099-4792-a01b-3a887b42fce7,Luke,Stocker,TE,
b7e30adf-171e-46a8-8364-f440dd1544d5,Michael,Jacobson,TE,
b83ce58b-ef50-464d-81e1-20fb17df0a89,Penny,Hart,WR,
b859f2f4-987f-404f-b0a3-6ffe349bcdb5,Rodney,Smith,RB,
b879087c-bd77-4f53-8cd0-4c80a7bb1176,Quali,Conley,RB,
b92e864a-2e5c-4afa-a31e-0087b640c444,Marlon,Mack,RB,
b9e9c0fe-3105-4e1e-bba8-f486f0ede05f,Israel,Abanikanda,RB,Dallas Cowboys
b9ed0f84-f6ee-4867-8e98-3e6a061bf211,Colson,Yankoff,TE,Washington Commanders
ba5b97da-20b0-49e1-9b30-dd5fe87a64bf,Britain,Covey,WR,Philadelphia Eagles
bae6f913-bd38-47f1-b523-e3064c76a2bd,Trishton,Jackson,WR,
bb8379f7-7480-4b94-99ae-84def3ebff44,Xavier,Gipson,WR,New York Giants
bba88a0b-7595-4e55-aed5-df8d607c67f3,Josh,Cuevas,TE,
bbe2041b-021b-499f-aae4-288d7c442b25,Cornell,Powell,WR,
bbfaa22f-0a42-4e9a-be25-6e2c1926854d,Jason,Bean,QB,
bc238664-52c7-4ba4-8e41-e8156d9e3c15,Brittain,Brown,RB,Chicago Bears
bc77867e-ea3f-4866-a29d-4a3c230ca4df,James,Mitchell,TE,Carolina Panthers
bca665a6-e64a-46c2-b9fa-dd2e14fc0ae3,Tayvion,Robinson,WR,
bcc17045-0f15-4fa3-8c7d-7a41df74054b,Daniel,Arias,WR,
bcf90fb9-976b-4edf-871b-30b88bc0ce7e,Lawrence,Cager,TE,Washington Commanders
bd08c603-475b-4d53-a89f-beddb56dcf69,Sammis,Reyes,TE,
bd2bcdb6-ea1b-4e89-b94e-8f116ce86da9,Parker,Hesse,TE,
bd7c36b7-77f9-4a14-9a82-49b0e006d998,Dez,Fitzpatrick,WR,
bd8797c1-605c-4a71-9b53-68d2a8499380,Carson,Steele,RB,Philadelphia Eagles
bd90c269-f025-478c-a009-c7174dc54ab4,Marquez,Valdes-Scantling,WR,
bdbdf8b8-2810-4e73-9089-4515739ce581,Sal,Cannella,TE,Cleveland Browns
bdfb7545-f1e5-4020-b40f-891b3e9304fc,Keelan,Doss,WR,
be7da0c1-ddee-45ca-8cc3-ebd094db9ee0,Lucky,Jackson,WR,
bef65f00-08db-4196-8d86-b4e78a716ba6,Dresser,Winn,QB,
bf45c7df-9b4f-436c-991b-e1588a9a02d2,Chris,Oladokun,QB,Kansas City Chiefs
bf47b4eb-e7f9-4b1e-98c9-837aa4e7db08,P.J.,Walker,QB,
bfafcb43-b336-4751-b8b9-6d7ad7159d1e,DeeJay,Dallas,RB,Jacksonville Jaguars
bfd8b600-7c66-4146-93c0-42a40f74a678,Jamaal,Pritchett,WR,New York Jets
c03cd454-e6b1-4bb0-b0e7-55d39eacb881,Taylor,Heinicke,QB,
c03e040c-1965-404a-a537-2708df1ddb6e,Malcolm,Brown,RB,
c0c853ef-f09b-47e7-baf0-148844815624,Brett,Rypien,QB,
c12875f5-9706-4c1b-bddd-9c22a17cf8ff,Kendric,Pryor,WR,Cincinnati Bengals
c165478d-cc52-4705-b386-9473ab8ff110,Dontay,Demus,WR,
c230d1be-0dd8-42bb-a3d3-d4ab27482e40,Harrison,Wallace III,WR,
c259aa21-d466-4149-95b8-c9697181d714,Cole,Beasley,WR,
c290214d-ed91-4339-9831-8f21ec7ae3de,Jake,Briningstool,TE,Kansas City Chiefs
c2bcc7bb-0caa-45d5-9350-f26bff6826ab,Tru,Edwards,WR,Los Angeles Rams
c3cb3e5e-4c31-406b-a972-5f9d4dcb99d7,Trevon,Wesco,TE,
c3cdbc91-ca21-47f7-8fa6-1f33962359d5,Jaelon,Darden,WR,
c418a356-016c-4378-b100-d6c4dd167711,Deon,Jackson,RB,
c444674c-9c9d-46dd-9347-181e0d3b4709,Matt,Barkley,QB,
c44d9220-d382-45eb-8b4e-dca1917996ff,Leonard,Taylor,TE,
c4f89e08-7b5e-4386-ac64-a9b57a7db5ca,Devonte,Ross,WR,
c54ce8f1-d377-4ce6-a99e-b40c0f360468,Shedrick,Jackson,WR,Las Vegas Raiders
c60fa6d6-240f-482e-b25c-a07e35514a36,Dominique,Dafney,TE,
c64e9604-feb3-419f-9d99-44568dcbbdc3,Michael,Ezeike,TE,
c670b097-4ed2-45ac-a103-a1191d394796,Hal,Presley,WR,Tennessee Titans
c6a9cdb6-2db6-414b-96d8-a77307ebdc6a,D'Ernest,Johnson,RB,
c6db21fc-eaab-469e-aac3-465a31503c87,Blake,Jarwin,TE,
c867d96f-c25f-43ca-93c8-4ffa93bd8ba2,Jake,Luton,QB,
c8719e44-daf8-4b45-9946-19482474d800,Thyrick,Pitts,WR,
c8a64ac9-c70f-4082-8f95-cc93dc81a7f3,Marvin,Jones Jr.,WR,
c95196db-b800-44b1-96d2-7c3d92167145,John,Kelly,RB,
c9634b4d-c8df-4fc6-ae1d-264bcf2ec527,Jamal,Agnew,WR,
c9cc8240-3d82-4052-86b8-eda5e7ff6833,Tre'Shaun,Harrison,WR,
ca6ff271-869a-4532-b2dc-39bc6cc1b2ea,K.J.,Osborn,WR,Tennessee Titans
cac3b1f1-d2e9-478a-85a8-6551a0cc3ddf,Myles,Price,WR,Minnesota Vikings
cac7b821-93f7-44e8-b5bc-003dc8ee29ce,Austin,Stogner,TE,
caf61aaf-c0e2-4568-9895-1d97f0a17d2e,Matthew,Slater,WR,
cb9c5afb-30d4-4139-8ab4-c938f4a485f5,Jalen,White,RB,
cbb7e433-2c45-4727-8576-51a58d1439c9,Luke,Altmyer,QB,
cbfaa7d0-705d-4a52-951b-d5d75d8bd49b,Jalon,Daniels,QB,
cc4a4b71-b3a7-4589-a6a5-125502092761,Paul,Richardson,WR,
cc76f620-e8d8-4ea1-b693-5ee969d309d3,Cade,Klubnik,QB,
cd01875d-5377-4b55-b322-c808c5e213ed,Dae'Quan,Wright,TE,
cd32ffd6-e7b5-42e1-b35f-f8438104735d,Jake,Haener,QB,Kansas City Chiefs
cd40f339-c0e8-4f93-a752-4602fe1f3844,Neal,Johnson,TE,
cd491921-007b-4609-8948-49100eeb6de5,Jalen,Richard,RB,
cdb9b429-9dc2-4889-b6db-63f4b49be20b,David,Wells,TE,
cdc55ba3-a5f7-484f-a79a-cef3c4455edd,Ellis,Merriweather,RB,
ce0b10f1-7e05-43b6-b564-361de6e0b7e2,Caleb,Douglas,WR,
ce3212b2-17ae-4d5b-855b-399c4de76a50,Darrel,Williams,RB,
ce36f0fa-f347-44e0-99e9-c728cd2136a6,Dwayne,Washington,RB,
ce88fd93-d9c0-4878-a5a7-3dd3fda3fabb,AJ,McCarron,QB,
cead32d1-4330-42ef-9b5f-e5831047148e,Jahmal,Banks,WR,
cedfe58a-e2d0-45e8-9daf-72cadec239c4,Je'Quan,Burton,WR,
cf5d6781-7ad4-470d-94d4-3fcb9f241aa8,Jakeem,Grant,WR,
cf7d239e-d3f2-4bcd-b3ca-52b5ba003347,John Michael,Gyllenborg,TE,
cfc7e978-e4ca-4253-a9ef-519182972f7c,Tommy,DeVito,QB,New England Patriots
cfe614f9-6cff-4368-8a18-d6b576b53db8,J.P.,Holtz,TE,
d01915bb-5a9b-4956-9b9e-5258b24d74c9,Donovan,Peoples-Jones,WR,
d05b2354-e12c-4a2e-ac07-3d6c61df3999,Luke,Lachey,TE,Houston Texans
d07629cb-24a8-49b7-8a85-be5490bb974f,Mike,Williams,WR,
d0fa4a2d-d96f-46f7-b2d3-b9462ee72c0c,Rashod,Owens,WR,
d11b9996-28b0-481b-a29b-9b4d88e08d27,Spencer,Brown,RB,
d130876d-1686-4666-bdd2-ad0c4c272981,Malik,Turner,WR,San Francisco 49ers
d14d103d-274a-4019-8515-fae7ea4b9c7c,Kenny,Yeboah,TE,
d171ab8f-ea92-41f2-bb36-579884424043,Chris,Blair,WR,Atlanta Falcons
d230dba0-2bf4-4ed9-a469-d00356828ec0,Justin,Johnson,TE,
d2a97099-9f9c-45b2-b267-ac257ffb07fa,Nate,McCrary,RB,
d2e11549-96a7-42ca-8af8-9d62f3375f0f,Quentin,Skinner,WR,New York Jets
d4bc5336-3337-4dda-9928-69b1f50ae599,Terrace,Marshall Jr.,WR,Miami Dolphins
d4fa5bf9-15cf-4ffd-bc67-04f34e6eca8e,Kelvin,Harmon,WR,
d532a6b8-8480-4c8a-b2da-10c9d7b4d80c,Ameer,Abdullah,RB,
d542ef40-f0d3-4776-8183-05ce287114db,Messiah,Swinson,TE,Green Bay Packers
d59a198c-a3c6-489e-8bf2-fa563a2377e1,Tre,Nixon,WR,
d6631a4f-64a7-413d-b36c-c0db8d5d19b0,Michael,Strachan,WR,
d684ae90-90d9-42b4-9e7a-e881b7836d1a,Desmond,Reid,RB,
d6a84cc6-0a59-43ac-b798-6f279264123d,O.J.,Howard,TE,
d6e88235-6532-49d4-904d-26570b8d387e,Alex,Armah,RB,
d705a74b-c2e7-449b-9247-a76ca6031489,Austin,Mack,WR,
d75cb0be-0d3e-47dd-b5f1-84b43da6c33d,JP,Richardson,WR,Chicago Bears
d7dc2c6a-ec6a-40ab-8176-2a76cddcd22d,Greg,Bell,RB,
d7ebe152-faf2-4ee5-836e-aa1edaed3194,Zach,Davidson,TE,
d80fbfcd-e1ef-4a10-8ebf-61684ff1b5d5,Greg,Ward,WR,
d93d9348-28c0-4600-9ddf-5bb9ebb6fcd9,James,Proche,WR,
d974a657-c9f3-49ee-89ac-79332a1b8102,Dayton,Wade,WR,Baltimore Ravens
d9fe6833-cb60-428c-a643-8ed081ebe812,Marquise,Goodwin,WR,
da43b4d4-ef85-4515-9cc1-6a727818c17e,Mecole,Hardman Jr.,WR,Buffalo Bills
dabc5899-cf15-4bba-af04-3fa4e7aa7a8c,Alec,Ingold,RB,Los Angeles Chargers
daf86ac6-c78f-419b-8060-77001d41770c,Jamison,Crowder,WR,
db049c0b-4f8e-46f7-8629-64c831889256,Jordan,Murray,TE,
dba04bae-6b89-4a41-ae0f-7a844ebd5ade,Quintez,Cephus,WR,
dbc6b0ac-7b7d-4fb9-acd9-ed7a27b45025,Leroy,Watson,TE,
dbe5da03-6305-4934-8074-6d48ab6c2e88,Sam,Howell,QB,Dallas Cowboys
dbf8e9b6-303e-40c9-b700-2d08a7aabfc1,Xavier,Guillory,WR,
dcc67efc-1489-4139-95ba-760b9c620a9b,Tommy,Mellott,WR,
dcd274d6-ecae-4b47-9351-38d54443730a,Jacob,Warren,TE,
dd2df130-6091-4ae3-8675-eb41bf4607fb,John,Ross,WR,
dd45c01f-4609-473f-82bd-8c0a37ba4b59,Zay,Jones,WR,
dd94a5d7-0dc5-439b-9095-7ee3885cb8f8,Easton,Stick,QB,
de0cff18-43e6-4094-89ff-bbe2b3dccdbe,Michael,Burton,RB,
de28d34a-de87-487a-9c59-05fd435678b7,James,Washington,WR,
de44e3bc-8c65-4d4c-9019-013eac116ca5,Cody,Thompson,WR,
dea864b5-0aa5-4a98-8ec9-33ff0130acc1,Jordan,Mims,RB,
deb6e893-a5af-4168-b3cc-fd7ad4751ea9,Mohamed,Ibrahim,RB,
ded4b816-5253-4bc5-a7d2-eea96fb16dd2,Justin,Hall,WR,
df60e92d-149f-48b3-8c01-631033e6fbf7,Ryan,Jones,TE,
e005eba9-4728-4121-8862-a95a09d369d1,Will,Grier,QB,
e04d9fdb-6ae1-42bd-9eae-9abd8364c7f0,Traeshon,Holden,WR,Dallas Cowboys
e0612a04-1013-48c0-b94a-021ac1a982c2,Raheem,Mostert,RB,
e092f93a-248f-4a1b-929a-f3b170b0e401,Carter,Bradley,QB,Jacksonville Jaguars
e0e00098-7dd9-4779-ba3b-8c18be774a1c,Josh,Pederson,TE,
e11bf618-72bd-45bb-b035-7d28c5432e7d,Marlin,Klein,TE,
e16f11d2-fb2b-4033-8658-b5788b7745c8,Cody,Latimer,WR,
e2045015-3d8b-4497-a81b-f60ff72c361c,Robbie,Ouzts,RB,Seattle Seahawks
e226898e-5f62-4da4-8462-992b35bb9096,Devin,Leary,QB,
e2dd57ba-170b-4239-ae5b-59bc60a4b77d,Kaden,Smith,TE,
e32f6264-9bc2-4a39-8adc-a39a84c60122,Teagan,Quitoriano,TE,Arizona Cardinals
e347ff56-533f-40b7-a2cf-cb6fc963b7c3,James,Robinson,RB,
e379bac4-d2f9-40ab-9c1d-fcd5b3c29249,Jack,Colletto,RB,
e3a111d5-0a48-407a-83b0-5acb50086d97,Mark,Redman,TE,Los Angeles Rams
e3a1a41d-474b-4071-b34d-f9fcdf0626b6,Noah,Brown,WR,Washington Commanders
e4011696-054f-4263-a1d3-354a6c410a31,Daijun,Edwards,RB,
e454393a-a931-494a-846a-21e31f708bd8,Damiere,Byrd,WR,
e468eb54-cbe0-460b-807b-e734dbdf9838,Zack,Annexstad,QB,
e4a9fcd5-4ee1-4030-8023-9ca6b924106b,Kedon,Slovis,QB,Arizona Cardinals
e4f3686e-6a65-4193-a9cd-b7a8f0155a95,Ryan,Miller,WR,New York Giants
e50d5e72-08ba-4af1-b2c8-fed97ecfc1eb,Dee,Eskridge,WR,
e5865ba5-7c64-43f9-b8bf-2147ab9c5fde,Jalon,Calhoun,WR,
e5a980cc-eebc-49c5-b74c-b5fe21aac8f6,Ty'Son,Williams,RB,
e674e970-cb94-44e1-88e8-0deb3bb6bd49,Desmond,Ridder,QB,Green Bay Packers
e6aaf31f-c256-4593-a7de-2868d7c0df8b,Aidan,Robbins,RB,
e6d5d5bf-eed4-4a6f-b995-fa7c507d4cb1,Drew,Plitt,QB,
e751774d-c810-45dd-bdc0-f18e281ed6c4,Ross,Dwelley,TE,
e7c5a102-fb4b-487d-b322-7f23d582190c,Clive,Walford,TE,
e7f8b322-8d27-4112-aad8-740fb27009bb,Chase,Cota,WR,
e7fbdc7a-1ea4-40ea-9720-99c1b9d17945,Chris,Collier,RB,Las Vegas Raiders
e8ef33f3-3267-4bc2-a9b8-1270a635d04f,Tyler,Lockett,WR,
e8fd50cb-d3d2-41b9-b7a1-01e5e4fcc691,Kendall,Milton,RB,Cincinnati Bengals
e90214d1-aad2-4193-a27c-9a00d4b55afa,Steven,Sims,WR,
e9443487-1232-4cae-a02f-281848ff9b3c,Danny,Gray,WR,Philadelphia Eagles
e94570c9-4347-410c-8a75-5c088b66ba90,Justyn,Ross,WR,
e969bd49-b0e6-4ca7-8777-4d25a55aa44a,C.J.,Ham,RB,
e997129f-f213-486c-bcc7-c54070e24192,Aaron,Anderson,WR,
ea0f047b-8600-4a76-bfbb-8997cc298a16,Ulysses,Bentley,RB,Indianapolis Colts
ea5c4634-5cc2-40ef-8acf-09fcd0a62a25,Roc,Taylor,WR,
eaadd189-b684-4f21-8d22-c35cb5d8e4ec,Michael,Bandy,WR,Denver Broncos
eaeac838-cec2-4915-970e-d9ea14901840,Duke,Williams,WR,
eb67deb8-3c7a-471a-a2a8-2bb8d6922a89,Slade,Bolden,WR,
eb7e72d9-c95a-441f-be5e-6c754394702e,Dalvin,Cook,RB,
eb84d7fc-5d69-4a7c-b429-69cf5affe13e,Jalen,Virgil,WR,Buffalo Bills
ebd521e1-f252-4a45-a7d9-27fc32c5c404,JaQuae,Jackson,WR,Los Angeles Chargers
ebe71700-9ea0-479d-b079-7f3bfa125b4e,Trestan,Ebner,RB,
ec1d28eb-c47a-44b2-adb7-0715098a14dc,Trey,Sermon,RB,
eca6e190-235f-4fc1-abcd-fffd41ac3d2d,Dontae,Fleming,WR,Minnesota Vikings
ecf1c3fd-eab1-4dce-bc49-f81180caa820,Kearis,Jackson,WR,
edaa7a15-2bdd-4e50-90db-9c1c845e8087,Trevor,Siemian,QB,Atlanta Falcons
ee0a8497-96cd-4a30-a07a-95082adcfcf9,Jacob,Saylors,RB,Detroit Lions
ee23ffc0-21cd-4fc7-a35e-798630c815cb,Kenny,Golladay,WR,
ef1adb0f-bd76-4b90-be81-ac8c6e4574f2,Jake,Browning,QB,Tampa Bay Buccaneers
ef5a4a88-2221-4eff-a4d3-5f3da42c009c,Joshua,Cephus,WR,
f01b23c5-309b-4873-a65f-b223c12ff176,Marquez,Callaway,WR,
f03f9df0-20f5-48bc-8c69-8750d81ec8d5,Antonio,Gibson,RB,
f0681c07-acad-4e20-81d6-c304a08379c9,Dan,Chisena,WR,Carolina Panthers
f0803a10-4883-4677-a5b3-f40afcc73903,Brady,Cook,QB,New York Jets
f105e65d-ea26-4ce1-88d2-3ae0cdcedfa7,Jakobie,Keeney-James,WR,Green Bay Packers
f10763a2-26b6-4b8a-b7d4-732a58c37a4b,David,Durden,WR,
f1211319-9a1d-471a-9f8e-bf0b3f33cef1,Dalton,Keene,TE,
f137cafd-44f0-4576-9bee-7e722e1d013e,Case,Keenum,QB,Chicago Bears
f17ef71e-a35a-417c-8f22-e678166f61be,Khari,Blasingame,RB,
f1bf0526-6a4f-4205-9c8f-7678e9f95103,Griffin,Hebert,WR,
f21ea3a3-ce42-4572-b6ac-20f2df46bcf4,Dylan,Drummond,WR,Atlanta Falcons
f2790f87-cd0f-41b5-b098-f452adc731d1,Will,Dissly,TE,
f32d3720-e654-48fc-8518-a0c7426066d3,Kadarius,Toney,WR,
f3c94cc8-e82a-4ecf-acc6-77e553c5cce4,Gerrid,Doaks,RB,
f436bad3-cea9-451b-8461-04a1f37782e2,Jaylon,Moore,WR,
f4392152-ee9f-490e-8fd7-8f778971501c,Jason,Brownlee,WR,Kansas City Chiefs
f46c3fe5-b983-4e22-b0db-bff76074a4e1,Zakhari,Franklin,WR,
f52e3146-0e66-4445-8f0c-dd38ce2a60d0,Chris,Conley,WR,
f590f59f-96a0-410c-b169-d0a58f0298d2,Ronald,Jones,RB,
f5af649a-6b10-402e-b337-88faac44f869,Stevo,Klotz,TE,
f5b5e3ed-2a75-423a-a870-5fcc75c79167,Jaxon,Janke,WR,
f5eec83c-342d-4cb2-bf22-90821e62c8c1,Malik,Heath,WR,
f64b1765-8738-4b42-b0fb-e7425d0a2d14,Jake,Funk,RB,
f6662788-0912-46c5-8da6-9d44e4d8e36e,Derek,Wright,WR,
f69c01d9-e8bb-480c-80be-ff197938ff92,Dominic,Lovett,WR,Detroit Lions
f6e13bfe-870c-47c8-aeff-1a91410fa57e,Abram,Smith,RB,
f7190794-4591-4ef2-8dcd-75149bb43326,Cole,Fotheringham,TE,
f789ab05-4b6c-4f75-a660-5ca4f0f2c37c,Breshad,Perriman,WR,
f78cffb2-cc39-4e34-9a47-3323e24c6544,Jason,Huntley,RB,
f7b4b208-1182-4e7a-9bed-95282d3a9dec,Stephen,Carlson,TE,Chicago Bears
f837ca4c-8bfb-4903-a94c-a1c1c765433f,Alex,Erickson,WR,
f9218edf-f2e5-4051-8438-8d871f2214d0,Jalen,Guyton,WR,
fa37c4b2-3ed1-4abe-9dff-707a4c013280,Keleki,Latu,TE,Buffalo Bills
fa453fa9-e674-4bcc-8ab7-d74de566164a,Moliki,Matavao,TE,New Orleans Saints
fa564925-a29f-40eb-b5e2-111cb2eefdc9,Jordan,Waters,RB,Los Angeles Rams
fa9c5e4d-c83b-43ce-b019-260ce8ea1f05,Jaret,Patterson,RB,Los Angeles Chargers
fac4d378-9dcf-47f0-a305-fe0bf37e0f20,Junior,Bergen,WR,San Francisco 49ers
fb0361a8-63e5-44e4-8fa6-b24ebb8b2ced,Jelani,Woods,TE,New York Jets
fb171aff-8eb5-49d4-9f69-ddffb368fa9c,Phillip,Lindsay,RB,
fb21e9cf-d338-48f3-a892-57c83f336b0b,Sean,Mannion,QB,
fb6b78b1-5be8-468c-a770-c669c0754740,Chip,Trayanum,RB,
fc37c2ea-76b7-41f2-a821-9bc1c07baeef,Byron,Pringle,WR,
fc883896-1056-4e6a-a2ac-39814695653a,Nick,Bowers,TE,
fd964dee-ee2a-4679-8a3f-65c8e9854bfc,Tanner,Conner,TE,New York Giants
fdf2262f-b067-4a6a-8369-ad1fd16a774d,Ian,Book,QB,
fe370853-355b-4607-a5c7-91238785ff40,C.J.,Saunders,WR,
fe375104-f77d-416d-a30e-8522f70aaa27,Rondale,Moore,WR,
feb0ba01-bf6a-4dc7-ad2c-95ca101a2e0b,Tyrod,Taylor,QB,
febe2c39-ad2d-4d62-811b-e3ccc53f5a09,Devine,Ozigbo,RB,
feed5933-1978-4773-9778-8cd3ba21539e,Jack,Plummer,QB,
ff22140a-c770-4980-8361-41dec7fdaf8a,AJ,Dillon,RB,Carolina Panthers
ffb7f84c-10e4-4cf3-8c71-2b2cbcbc2b62,Stetson,Bennett,QB,Los Angeles Rams
fff9341b-1c42-41eb-bcab-7d2898d16a23,Godwin,Igwebuike,RB,
006d9c5c-3330-438c-ae89-8dbfbf9efe6a,Leonard,Fournette,RB,
007adc55-6515-4703-9949-41547d459ffb,Bernhard,Seikovits,TE,
008f2395-7ed3-418c-9a09-b337af66580a,Tom,Kennedy,WR,Detroit Lions
00a2d7e9-0cdf-4a39-aa4b-fffb72048ec8,Kalen,Ballage,RB,
00e595db-f6c9-4337-9582-d1ca6c8cc397,Laviska,Shenault Jr.,WR,
010af5c7-78ec-4d89-bdf9-ef6749ea0d57,Alex,Bachman,WR,
015e1484-993a-4b1a-bed5-0ca933e6bd26,Jesper,Horsted,TE,
02bf54db-c0ce-44f8-8d27-473f24f10c02,Pharoh,Cooper,WR,
02e2923e-ff52-448b-9d6c-f624e81977a3,Rocky,Lombardi,QB,
032c67b6-03bc-45f2-805d-b174350367db,Travis,Homer,RB,Pittsburgh Steelers
0352ea56-2c6e-40e5-a04d-0af3a71e7a7e,Braxton,Berrios,WR,
036901a5-3e25-43b3-b984-8c8085f50441,Tim,Jones,WR,Jacksonville Jaguars
0428e2b2-5e91-4048-967d-d28e6252135b,Ayir,Asante,WR,
044b0390-b6ff-4612-a8a0-040054cb90a1,Josh,Reynolds,WR,
0484bf53-b5d6-48cd-928c-8908bf53b205,Michael,Woods,WR,
049e855a-a194-442d-86fc-23bb3c02227a,Hakeem,Butler,WR,
050dc5b5-83eb-4a3c-b553-a50f04d52363,La'Michael,Pettway,TE,
0599037b-ea99-4ae7-9322-3c7bce5271eb,Robbie,Chosen,WR,
05c69196-a106-4042-9b6c-71176868344e,Isaiah,Spiller,RB,
06678f70-4527-47b0-9e25-bd27cf69dab5,Damien,Harris,RB,
0692b60b-2150-472a-89f3-02b3a80fe69b,Jacob,Harris,WR,
06bf4319-b9aa-4c1d-9a10-5ab190cbb8be,Nathan,Rourke,QB,
070c06dd-4ccf-4f63-9bc7-232eb814ac76,Justin,Watson,WR,Houston Texans
07299bf9-7d03-4d2f-a0e9-5bba776a51ad,Tyrone,Broden,WR,Seattle Seahawks
0736398f-73e2-4937-8fc1-9a63503cc910,Christian,Wade,RB,
07437e98-84e4-4dea-962c-322ece133d28,John,Stephens,TE,
07808dbd-349f-4fb1-b20b-f272a95dba45,Tim,Patrick,WR,
07d6affd-007a-44a6-9a00-9d635b71d54e,Randall,Cobb,WR,
089d3198-abe4-4a11-8c07-5a1e22c703b2,Kaden,Prather,WR,
08a4517b-8321-4e1c-978c-e77f55b8f2ad,Parris,Campbell,WR,Dallas Cowboys
08f43e7e-564e-4386-a17b-3a3d7dc40a65,Tanner,Morgan,QB,
0923d14d-8a4a-4879-aca5-89fc49cf5923,Montrell,Washington,WR,
092516a0-671d-4e13-a15c-71881a1a6f5a,Josh,Ali,WR,
09d37293-5e0b-4f92-bdf9-c1bcbcd4ade2,Tyreik,McAllister,WR,
0a77df59-71b4-4938-bbfd-896d7244a39d,AJ,Henning,WR,Miami Dolphins
0a8bb574-be27-4b9a-a8b2-cbbd5819647d,Dallin,Holker,TE,
0abe49fd-0edd-4bb3-867d-179f89987bc5,Travis,Vokolek,TE,
0ac8343d-9ed9-4a60-b782-7203d2225d57,Richie,James Jr.,WR,
0afdfe16-c61e-4fdf-8ba0-5383eb515263,Kurtis,Rourke,QB,San Francisco 49ers
0b6373ef-6b0a-4158-a73b-d8236c0d39a1,Dean,Conners,RB,
0b82e28d-ed07-4e6d-9aee-0ddc4f3a3bf8,Ja'Quinden,Jackson,RB,Jacksonville Jaguars
0bd692ab-8377-44fe-b360-7e2da86f60fc,Jalen,Wydermyer,TE,
0c23c71e-7217-47dc-95f5-07bec889a19e,Eric,Rivers,WR,
0c824a3c-9634-40c3-817e-0b34d2d065ff,Reid,Sinnett,QB,
0ce4cd0c-fd97-4b50-96eb-e7e17fa24eee,Brandon,Bolden,RB,
0d942826-9462-4a87-b4aa-aac778e68498,Cordarrelle,Patterson,RB,
0ec535a1-f017-47c5-b2fb-98757daf79eb,Mario,Williams,WR,Los Angeles Rams
0eceecc1-e8aa-4add-a870-17548faf5b8b,Anthony,Schwartz,WR,
0f2d3108-2a6a-4853-bac6-d430b698fa9f,Larry,Rountree,RB,
0f361159-6c6d-4b33-81dc-12a0cf4a11da,Darrell,Daniels,TE,
0f556236-b889-451c-bf0c-21be0ee76712,Jared,Wiley,TE,Kansas City Chiefs
0f7f4051-9154-4a30-a3e3-e76cb85e1d04,Alfonzo,Graham,RB,
0fa6dba0-be03-479d-9e37-a513727ad699,Benny,Snell,RB,
0fb6ca16-de56-4615-a946-dfbe80898531,Gus,Edwards,RB,
0fefc0f3-e0cb-4599-9e02-7c4af3321b86,Patrick,Laird,RB,
1041be60-6714-4da3-99f0-6b94f545c55e,Isaac,Rex,TE,
1047c611-f809-4f4b-831d-bcee46d79b06,Jackson,Meeks,WR,Detroit Lions
111f6fe3-67c7-4e00-9294-7bc25031736f,Corey,Davis,WR,
116ff8b5-eab4-452e-9538-2ee1fcf1245a,Jha'Quan,Jackson,WR,
119e1ab6-65cc-4b79-befa-88704ff1f298,JuJu,Smith-Schuster,WR,
11b6551d-3738-441d-a1b0-8037cd670a99,Tony,Jones Jr.,RB,
11c38bb3-a297-4366-9ea2-730c074f0fa1,Kenyan,Drake,RB,
11e1746f-f34e-4665-9c40-0a1e3950366a,Jeff,Driskel,QB,
12635a21-a120-4d3e-90f2-381bb6481d37,Tarik,Cohen,RB,
13a7c21b-3ef9-4389-90d8-dec6a760ad09,Geoff,Swaim,TE,
13ce4997-b768-4ae9-882b-e54dc6cd7ca5,Brandon,Smith,WR,Pittsburgh Steelers
1476021b-63a7-4578-ab0a-4d33644b699c,Devin,Asiasi,TE,
149b5ba5-8d64-4f2f-82a6-358be2897fc2,E.J.,Perry,QB,
14b61603-d83e-45b1-8196-9b1e23f75f13,Corey,Clement,RB,
14c00e43-eab9-4066-affc-c010746cc6e4,Anthony,Tyus,RB,Carolina Panthers
14c74607-e600-48af-bde0-89001bcd7dea,Sam,Wiglusz,WR,
14d134b2-62db-4a9c-a542-18a9ea9c1bfe,Khalan,Laborn,RB,
1501b589-9510-4786-b1ff-9ed42bd025a2,Charlie,Jones,WR,Cincinnati Bengals
1593ea95-e338-4593-831b-d4d7aee101ad,C.J.,Beathard,QB,
15b78a16-69c7-4eaf-817a-1ce505d315a2,Andrew,Beck,RB,New York Jets
15d02550-6a0f-42c6-ae3e-3de6ab9527d2,Elijah,Dotson,RB,
15d71248-d85f-4eeb-8019-a0ddcfd9b7ab,Jordan,Wilkins,RB,
17712a84-7281-48db-a92b-2916d96f90ca,Caden,Prieskorn,TE,Cleveland Browns
17c9721b-3e56-4cb8-8bd7-26029cea56dd,Austin,Ekeler,RB,
18030a69-9625-4625-a2ce-5269d65f5366,Tyler,Boyd,WR,
182bc9f9-0ae3-4668-8241-fd8f7e3577cd,Easop,Winston,WR,
1865d9f2-dd5e-429e-89af-bf8d1b9b8934,Alex,McGough,WR,
1871b120-8128-492e-a10f-753a9e2efa58,Monaray,Baldwin,WR,
18aae970-81ee-4036-b6b1-53c8baa534e0,Chris,Herndon,TE,
18f7d87f-4295-499e-8881-e7ba39bda557,Keith,Smith,RB,
1959f368-b982-4a2a-b3ae-94b05c0952aa,Miles,Sanders,RB,
19bc8ded-4387-46a7-9019-086379f0bdb4,Johnny,Lumpkin,TE,
19d29c80-192d-4313-8103-29dddf8b6d7c,Eric,Tomlinson,TE,
1b38013e-83c4-481a-b331-7e6844393a51,Diego,Pavia,QB,
1b5e13c2-b82b-4425-93ba-ba37b5346697,Cam,Sims,WR,
1bad14e1-ff1f-4fbe-bea3-7f8be53f738a,Ihmir,Smith-Marsette,WR,Arizona Cardinals
1bc5865d-bcb9-4d01-83f5-14ad0bd5174d,Joshua,Kelley,RB,
1c3f820d-acae-4e5a-8fa0-7ee00c3297c8,Adam,Prentice,RB,Denver Broncos
1c61894e-01aa-476f-9ea8-0e936debce0a,Willie,Snead,WR,
1c789dd7-3df3-4a0e-b7cb-2d9f8fcce0ab,Lorenzo,Lingard,RB,
1d37d9f3-8a25-4be0-81a1-8ec70788ecf5,Hunter,Renfrow,WR,
1d59a9ec-f472-446e-9fbc-79509405359e,Tyree,Jackson,TE,
1d82b1ef-9d2e-4d99-93be-f19f32a54b68,Antoine,Green,WR,
1d9a7e90-8ba3-466b-9d4a-71d85388414b,Marvin,Hall,WR,
1dc6bc78-9f1d-4975-9107-eb6e24853c2e,Frank,Gore,RB,Buffalo Bills
1deac8b2-10ca-40ed-87e4-8a24c520a495,Khalil,Herbert,RB,
1e820309-7b32-4a3c-b9ae-8205ca26da2b,Jacob,Copeland,WR,
1e89065c-a885-4fef-aa98-c00f0191e0ee,Reggie,Virgil,WR,
1e9c261a-845c-45b4-a1e9-486420149a11,Zamir,White,RB,
1f088a5d-7196-4ba2-8b7b-4ce917d41cee,Jerjuan,Newton,WR,
1f24dc2b-78b9-48cb-807c-28641b90bb11,Kyle,Trask,QB,
20af78e8-a2a7-43e9-8d41-facc2e39f0f3,Harrison,Bryant,TE,
20c53b6e-570a-416e-80a5-38c0a6185adb,Jabari,Small,RB,Detroit Lions
212cae4e-731a-4035-9424-38308ec1ec3e,Tarik,Black,WR,
216c4906-2f08-49e5-81ff-b5f58af132b7,DeAndre,Washington,RB,
2261443b-4d78-4336-9319-749192f2c6e6,Roschon,Johnson,RB,Chicago Bears
22968faa-ef4a-4ade-9860-c3da5dcc4b1b,Ke'Shawn,Vaughn,RB,
22b5b34f-170b-4a54-af58-232702f255cb,Miller,Forristall,TE,
22c4e7e6-a3f6-4ca4-b83e-9257ffbb940b,Ben,Sims,TE,Miami Dolphins
22e7377c-372b-409d-8c9e-08fd5042b92c,Myles,Gaskin,RB,
22e7c573-5746-4fcf-a901-7d1263e28d52,Racey,McMath,WR,
23378305-505c-4c7e-974d-97e7ae4cc121,Cam,Miller,QB,Miami Dolphins
247cfb81-a4a3-46f4-925c-345dcbba0835,Brycen,Hopkins,TE,
24813b3b-b860-4404-bbc4-f217f86d70f6,Thayer,Thomas,WR,
24961a30-0a7f-45a7-ba0c-6d33b8ef4b25,Donald,Parham Jr.,TE,
24ded6d7-2877-45f2-94a0-804c3f5f2b6d,Zach,Pascal,WR,
250cb585-100a-45c4-8337-e07981ea4550,Davion,Davis,WR,
250e14a1-0d48-448c-93f7-8b498b9dc4b4,Joe,Royer,TE,
268e4cde-ebf7-4d26-9cbe-012bf4163ea5,Matt,Bushman,TE,
27677902-b28e-4013-a9b8-0f8ad6697a6f,Ronnie,Bell,WR,New Orleans Saints
27b3bc26-d474-4cf4-93d6-1de928f95a77,Mathew,Sexton,WR,
27f44005-c094-44be-b559-ec75850a7e54,Pooka,Williams,WR,
27f9e7e7-ec03-4be3-a7d3-5aa268dea6a0,Brian,Hill,RB,
2807df18-713b-4d1e-8abe-ef9c2954c4a2,Johnny,Mundt,TE,Philadelphia Eagles
289576af-9e05-4f1c-ab0c-8433cbb67163,Ben,DiNucci,QB,
29b14540-b648-4395-afa8-d5e3bf9948ef,Giovanni,Ricci,TE,
29c3da46-9a14-428a-a405-ddf33577c74f,Keilan,Robinson,RB,New York Jets
29f1c020-3b1d-4d8c-b031-edc4187bac69,Lewis,Bond,WR,
29f81a33-933c-406c-95c7-f37cff2fa5d9,Jacolby,George,WR,
2a1e5193-cd3a-4cd4-8a31-7432ab6850c1,Irvin,Charles,WR,New York Jets
2a4b92ef-0be0-4962-9558-6d1b15fef820,De'Anthony,Thomas,WR,
2a5d3c59-db22-4a48-a38d-e1fa76b59b54,Aidan,O'Connell,QB,Las Vegas Raiders
2ab5c151-119f-4865-87fb-73ac07d54a2f,Freddie,Swain,WR,
2ac945b3-5778-4075-b7f0-b2647e195c3f,Hayden,Hurst,TE,
2ace9932-89a2-487b-b5e9-80e06d7ba965,Tanner,McLachlan,TE,Los Angeles Chargers
2c73125a-5694-4d2b-bcc4-f68dc6744190,Jerick,McKinnon,RB,
2d46ec1e-7a24-4f92-b877-1ca2e1000545,Graham,Mertz,QB,Houston Texans
2db99690-dd35-4ac2-b4b6-dda97418b4e1,Hassan,Haskins,RB,
2dddf16c-96fb-4725-aabd-e60371e7853e,Colbie,Young,WR,
2dec20d5-3865-43e7-88dd-25593e440035,Da'Quan,Felton,WR,New York Giants
2e0c97f1-8ba1-4610-be8e-706572a10331,Antwane,Wells,WR,
2e6e49b7-490f-42f5-97f5-ed485cad0b64,Phillip,Dorsett,WR,Las Vegas Raiders
2e998f92-79a4-4b78-8e1a-b723ecb4af13,Sean,Ryan,WR,
2eee9971-07d9-482f-bcac-0bd31908f46f,Sincere,McCormick,RB,
2f0e27ca-bfc1-4f0c-8795-cef451ce02b2,Elijah,Collins,RB,
2f19ed57-379b-4c8a-a60d-85adec97ff21,Will,Mallory,TE,Indianapolis Colts
2f422802-648d-4473-ac34-595197c65ba7,Jamari,Thrash,WR,Cleveland Browns
2f5a7c9f-eef3-41a5-9a20-7f9561b2c09b,Curtis,Samuel,WR,
2fd4b7f7-0202-4547-8c08-1224f317d2e0,Noah,Cain,RB,
2fdcd564-b071-4af0-8c8b-60a08f80fd2a,Tyler,Kroft,TE,
300c4a31-2a55-471d-b266-dec7365bbef1,Tyler,Johnson,WR,
304ab7cc-37a8-4af8-9f41-057a4c03e466,Caleb,Lohner,TE,Denver Broncos
30664e0e-2e9c-4388-9d2c-ae943b22bd35,Jacob,Hollister,TE,
30d263a1-00d1-4fe6-b342-e820f035181f,Zach,Wilson,QB,New Orleans Saints
30fa302e-9d29-47e5-a854-0b4e007dde65,Brayden,Willis,TE,San Francisco 49ers
31bfd603-ce63-4d68-b5d1-3bbf80fb894b,Keith,Kirkwood,WR,
3267a450-dc98-4d4c-b085-dcc5e137d866,Trent,Taylor,WR,
326fc782-0903-4215-8983-7bc1f194371f,Nathaniel,Peat,RB,
331b0df9-6281-418d-bfb9-72a21cf50ac1,Kellen,Mond,QB,
33a1b98a-1855-4af4-ac04-548d9f296804,Tyrion,Davis-Price,RB,
34a9515b-6b05-4d50-acde-1e12fe166e19,Dorian,Singer,WR,
34d0f00b-29b4-44de-b078-691d73fce090,Donavon,Greene,WR,
353fa2f8-b2f4-4d7f-bdf5-1eb1dc89a574,Chase,Claypool,WR,
35df25c9-ad2d-4c7b-ad24-98c096e179fc,Shane,Zylstra,TE,
35e7da52-6eb1-41f0-977e-a394ed59e7ef,Chester,Rogers,WR,
36a631c4-dfa0-4972-8ce6-7e49a1a9b81a,Jimmy,Garoppolo,QB,
370af809-6ff5-4efb-9594-cb582df0a93a,Tulu,Griffin,WR,
37297a6d-6d4c-40fd-8d43-eff2680a1cad,Duke,Johnson,RB,
37e38194-6dab-40b8-9d33-5907db55867e,Miles,Boykin,WR,
38224e0e-7a54-490d-a7c7-389987965316,Javon,Baker,WR,
385b91c0-4abe-4efb-9d74-07e85be3a37a,Drew,Lock,QB,Seattle Seahawks
3872f3dc-050f-4a94-8909-0ebbc428add6,John,Copenhaver,TE,
38b65e34-3aa0-4d9a-b4ed-5d1d1e5f7685,Ahmani,Marshall,RB,Cleveland Browns
38b923ff-38d9-4672-af7d-bdba1c56c0b3,Brennan,Presley,WR,Los Angeles Rams
38ce9287-dfec-49a6-9c08-1b6c6f9d7514,Jesse,Matthews,WR,
39286a0d-8232-43b1-9a16-0918b73254e1,Terrell,Bynum,WR,
392d0a78-cf3e-4c49-ab1f-784d2f492195,Julio,Jones,WR,
3957b203-e57f-47a2-aa4d-7c6b680633b4,Eno,Benjamin,RB,
3983aab3-0123-47b2-9194-da49d1582574,Mike,Boone,RB,
3ad5ff16-c8d5-4af1-8ebb-426de48db0dc,Jake,Kumerow,WR,
3ada0883-4245-4698-bf16-07648bc8d1c3,Sean,Clifford,QB,Cincinnati Bengals
3b136845-344f-4809-8db8-49a4fdc1c04e,Makai,Polk,WR,
3b88f1b6-3bfc-4462-98f9-e116e7db05fe,Juwann,Winfree,WR,
3c32a83a-f52e-4f5f-b6db-cba5f61a67fb,Pierre,Strong Jr.,RB,Green Bay Packers
3c34d88e-8f26-4254-b5cd-83b9f167de11,Hayden,Rucci,TE,San Francisco 49ers
3c3a4647-091b-41e4-96c5-b431c750bb29,Malik,Cunningham,WR,Detroit Lions
3c6524f0-91ef-4da0-b4fe-f85fea2e19c5,Bailey,Gaither,WR,
3c8f1d70-78d5-43c3-ab9b-24bd25383ab7,Richard,Rodgers,TE,
3c9b62c9-3b2f-4d20-bd7c-8bc9c6e0c36b,Boston,Scott,RB,
3ced8705-e59d-4f0a-aab8-2fe7fd7deec4,D.J.,Williams,RB,
3d540168-2f99-4f29-a52a-11ff0d93df46,Marcedes,Lewis,TE,
3d73aaec-db41-4fdb-8c07-a04a1e81a088,Ra'Shaun,Henry,WR,
3d8a10e2-3d0e-4cbf-9385-86b2c4656c4f,Rivaldo,Fairweather,TE,Arizona Cardinals
3df3ea29-d36a-4b8a-97ab-eb3b2ce4dc34,Trace,McSorley,QB,
3e00ea45-2653-40cd-8bfd-5d2688c9465f,McCallan,Castles,TE,Green Bay Packers
3e267c79-8790-4ed3-b85b-3b98ad813dae,Bryan,Thompson,WR,
3f06cf5b-7264-45c0-ba6a-70ada1541db7,David,Blough,QB,
3f2830b6-1561-43d1-9110-19181bda9966,Adrian,Martinez,QB,San Francisco 49ers
3f298a8a-76f2-4ea5-8735-cf38ed6b7cba,Montorie,Foster,WR,Seattle Seahawks
3f6e0d23-2087-4caf-97ef-546ebd2d4af5,Tony,Brown,WR,
414ecb5a-8b32-4617-a347-bc2081e1f95b,N'Keal,Harry,TE,
4176ce7e-cdf0-46da-af60-55cf0d5dedf5,Pete,Guerriero,RB,
42bf38a4-ba87-49ef-b3a4-c4b945152b23,Albert,Okwuegbunam,TE,Las Vegas Raiders
42d5417c-ab78-4ac6-a77b-96506550bf18,Jalen,Cropper,WR,
42f34180-582d-4532-873d-c8a76973e24d,Kene,Nwangwu,RB,New York Jets
44a0863d-eb84-47a6-b62a-7c29bb5a5fc1,Dante,Pettis,WR,
45b0b7c0-3201-4acb-b969-0c63cd92848b,Dax,Milne,WR,
4638949f-e58a-44f0-b259-3083ece638b1,Nate,Noel,RB,
46a8906c-4f87-4d74-a4ec-89bbb2b60888,Marcus,Rosemy-Jacksaint,WR,
46b161ad-c677-4e6d-9aba-3d539c0ad099,Joshua,Dobbs,QB,
46c12334-8673-46ff-aaf2-633c99a3f701,Cephus,Johnson,WR,
4769d7ed-ffa0-4f6e-983f-d4e0b5932d23,Rashard,Higgins,WR,
476a56b2-548a-4dc1-8623-04332ff396df,Phillip,Brooks,WR,
479e9644-c5ff-462a-ba45-2bbe4f281ff0,Deneric,Prince,RB,
47adbf3f-1789-408b-8716-e97635fc3cf5,Jacob,Eason,QB,
47f190ce-0833-4e39-99d2-1b3a10288cb7,Zander,Horvath,RB,
482688bb-5988-416a-a563-a6aa9e15f256,Deshaun,Fenwick,RB,
483e79e4-81fb-4c41-b880-1eb0aea26315,Qadree,Ollison,RB,
4846cb1a-d0ca-4635-8023-0848feffc52a,John,FitzPatrick,TE,
4889f577-7358-4b32-be07-66dad136a24d,Zaire,Mitchell-Paden,TE,New Orleans Saints
49310017-d9ea-4c59-9a08-18e5893a4ef7,DeVante,Parker,WR,
4970c015-cab0-440f-a7e2-5c37443a7324,Giles,Jackson,WR,
49bb311d-d174-46b9-8d7e-19d88dc35675,Trey,Palmer,WR,New Orleans Saints
4a0b9f9a-05c1-4c79-b5ad-4412c42198bd,Darrell,Henderson Jr.,RB,
4a300cdd-6874-42f2-b593-aedf4fe573d3,Brycen,Tremayne,WR,Carolina Panthers
4a56d42e-2ea0-42cc-bf67-1249c239607a,Armani,Rogers,TE,
4a85c6eb-006b-431f-ba1f-c5c3706b2835,Carson,Beck,QB,
4aeaf574-b9f2-4a2b-b41b-de9a267cbf36,Luis,Perez,QB,
4b4a2e02-d68c-48c5-9608-ef51cfe3b239,Matt,LaCosse,TE,
4b9bc775-f33f-48d3-9cfb-983a60131359,Samori,Toure,WR,New Orleans Saints
4bb2901a-8720-4336-96c9-6bfee5584006,Hendon,Hooker,QB,Tennessee Titans
4be5807d-dab4-445c-9d6b-3edc2231e1b9,Ricky,Seals-Jones,TE,
4c52bb44-d90c-4f8e-b253-797b067bdb78,Corey,Kiner,RB,Arizona Cardinals
4c5bffb4-c901-49ba-88b1-0a4fd9f6a607,Nikola,Kalinic,TE,Chicago Bears
4cefc83e-4e30-4cfc-b206-065a7d0513f1,Colton,Dowell,WR,San Francisco 49ers
4d0ea70e-dcca-4249-ae80-1b873682dbfb,Matt,Corral,QB,
4d3e616d-9982-4098-95ff-8972f0d3f607,Diontae,Johnson,WR,
4da6b40f-5337-46e1-b18a-8500e72e0717,Raheem,Blackshear,RB,
4dc11ba5-951e-474e-9c32-7b88822269bd,Grant,DuBose,WR,
4e634b79-7848-4470-996d-505adb3a0e4d,Casey,Washington,WR,Atlanta Falcons
4e66015a-895b-4e46-ac3a-b4922332a670,Brandon,Johnson,WR,
4ea7ff46-d273-4c22-83bb-c27af869ffb4,Hunter,Bryant,TE,
4f1bcf8b-0d5f-4a22-8a1a-d4eba4f8b348,Cornelius,Johnson,WR,Baltimore Ravens
4f962886-4d46-45a3-a75b-b1e26261518a,Anthony,Firkser,TE,
4f99a975-2db9-459a-85ab-3cafe441a6e4,Dylan,Parham,TE,
4ff88fdd-902d-4234-866f-ebd03f98ddb4,Zavion,Thomas,WR,
50024ed0-1cdb-4376-adeb-a4e461a95609,Tre,Stewart,RB,
506216c6-307a-4e66-8e08-e3de506d2a01,Kyric,McGowan,WR,
50727583-cdc8-4312-abdc-d96709f0e880,Equanimeous,St. Brown,WR,
508656d7-c2d1-43ff-af82-4bbdc4dbc870,Joshua,Simon,TE,Atlanta Falcons
51290c25-4588-4ecb-b900-eff2d9c852f2,Jody,Fortson,TE,
5169ae35-0085-4522-9b80-2a9196db82cd,CJ,Donaldson,RB,
518afd3e-0e56-4a15-8223-725d067678e3,Caleb,Huntley,RB,
5198e5c0-e900-4b95-aca4-dc21fce8b028,Dorian,Thompson-Robinson,QB,
519a5836-f5dd-4454-b3d3-d8846fcbbca9,Mason,Kinsey,WR,Tennessee Titans
52d63fb1-2444-4886-8b8c-c3ec3213c783,Noah,Togiai,TE,
5337e332-23d7-472b-8561-2353d5ff5b61,Landon,Parker,WR,
5395004b-9860-4ceb-9e80-045db053d89d,Ramel,Keyton,WR,
547dda66-4a26-4dac-8151-ace5827c2f15,Blake,Bell,TE,
54c6d57f-cf72-475c-bb65-ba40ff51c4d2,Bub,Means,WR,New Orleans Saints
55bdec89-b1a6-4fc4-bbb9-54465fe3497f,Montrell,Johnson,RB,Carolina Panthers
562f1905-0971-4a64-8844-09bd04112d32,Snoop,Conner,RB,
56354d95-719b-4552-a716-0c37133c94f3,Daylen,Baldwin,WR,
563974a8-947d-4837-95b7-f1a5b79e52c2,Patrick,Ricard,RB,New York Giants
56681eb1-1409-4894-826a-3892c0baacad,Raleigh,Webb,WR,
567417e0-0fde-4524-9fe2-b8344201cf1d,Michael,Wiley,RB,Tampa Bay Buccaneers
5680652c-1b5c-4940-a6f1-1858663681b9,Noah,Thomas,WR,
56923830-141c-44c1-93b1-f74bc0a11b3f,Lynn,Bowden,WR,
56b78a16-2012-43a6-9a05-cca0fc3570f9,Mac,Dalena,WR,New York Jets
56cd4556-dc6c-42ca-8a31-0e3c912e2ed4,Blake,Watson,RB,Tennessee Titans
576974b7-a9cd-435e-92f3-5d0e10e91d20,Jase,McClellan,RB,
576fc800-40e0-4564-8e82-7d3361c091c7,Jalen,Reagor,WR,
57786616-453a-4f44-833a-3f749126f850,Isaiah,Neyor,WR,Green Bay Packers
5795eb7e-88e3-4362-be2c-d4221cac5cf2,E.J.,Jenkins,TE,Philadelphia Eagles
57abaafa-6148-4de8-beb7-7943394b81eb,Mason,Pline,TE,
58121beb-e3f3-4989-b88d-622e3e08b1a6,Nelson,Agholor,WR,
5822316d-ae78-441d-95ba-c224bd9f71a6,Nathan,Peterman,QB,
583b9f01-79ae-469e-a945-d776d648de7d,Tre',McKitty,TE,
58ca52af-11f7-4346-a1f8-fdbd692c682e,Jonathan,Mingo,WR,Dallas Cowboys
5907d40c-91d2-4daa-846c-4294ba8f9a3f,Sammy,Watkins,WR,
5952b46e-edf0-4d73-8ca6-1d11c7418e97,Mel,Brown,RB,
597a054b-79f7-49f7-bb0e-99297ff4defb,Jordan,Travis,QB,
5998579d-39fd-4d05-b411-5f84cf83455c,Lawrence,Keys,WR,
599c6935-1e20-4110-b3bc-0fb8b59404ce,Luke,Grimm,WR,Los Angeles Chargers
59e98cf8-e815-43ac-a4b7-ed5a8552a2d2,Lance,McCutcheon,WR,Tennessee Titans
5a41992b-0ce3-4f51-8946-1e6cb488e6a8,Stephen,Sullivan,TE,
5a70a3b0-7110-4590-bc9d-f817072cec7a,Avery,Williams,RB,
5aa8cf4e-25eb-467b-9494-d7c5fd8fbb1e,Thomas,Yassmin,TE,Los Angeles Chargers
5aefe8b8-c91f-44ab-8495-25dac9c307df,Carlos,Washington,RB,Atlanta Falcons
5b1d4c99-b170-457a-9452-6fd61f034032,Ethan,Garbers,QB,
5b2815c3-67e3-4173-b2ad-d0820f249110,Zach,Evans,RB,
5b8f7587-8b32-412e-8b0c-8c91d1298a4a,Silas,Bolden,WR,
5b9e7b80-76f4-47d2-8ee3-3f5d5069ad74,Rodney,Adams,WR,
5baaec69-6270-4895-9dc4-c26befaf2814,DeAngelo,Hardy,WR,
5baf3520-b866-4702-a09e-a8b00af306e9,Samson,Nacua,WR,
5bc42526-e86e-4d7c-b325-552853caf5a3,Chase,Edmonds,RB,
5bd4c620-3628-498f-b26d-784c0b54b7d1,Tahj,Washington,WR,Miami Dolphins
5bf6cd6d-0157-494d-bcb4-2ff5cee9febd,Maurice,Alexander,WR,Chicago Bears
5c355c70-d573-42fc-a7a6-2f08c5434262,Rashaad,Penny,RB,
5c7566eb-752b-4f15-807a-aa902ef12b02,Gavin,Bartholomew,TE,Minnesota Vikings
5c909735-fb85-471a-a2e8-c6a98292907c,Kahale,Warring,TE,
5d08a281-6ebc-4913-92a4-f9a393e482ca,Trent,Pennix,RB,
5d156f32-931e-44dc-b299-bb6788c1ca1f,Bryant,Koback,RB,
5d34fe56-ac5d-4e4e-8f71-25f603ca2e8e,Dare,Ogunbowale,RB,
5d81b722-1d89-4bda-b804-51516568fe6c,Tanner,Mordecai,QB,
5dcc1981-25c6-4dfc-a97f-768b33553817,Ben,Mason,RB,
5e121c38-85ba-4f51-b07e-82e3a31c194b,Brandin,Cooks,WR,
5e2f75f6-7aaf-41e2-b361-c2abf9492f96,Royce,Freeman,RB,
5ef1a943-785c-43aa-a102-3dd7494c2fe4,Shane,Buechele,QB,Buffalo Bills
5f35a4e2-b79a-4eec-a24e-b61ef8b55119,Collin,Johnson,WR,
5f582a46-4096-4313-983c-dad18cfd367f,Jordan,Matthews,TE,
5f5b6464-b414-44fa-aa77-c74bfa6c16e5,Jacob,Kibodi,RB,
5fc3607d-8027-4ae3-bf43-6d3ad227eab1,Max,Brosmer,QB,Minnesota Vikings
60cb49a3-81e9-43e2-8728-c4fbc7016845,Demetric,Felton,RB,
60da68b3-9147-4eea-8279-d25b5bb9c69b,River,Cracraft,WR,
60e57e8b-66e8-4c90-aed9-e14365dfa3c2,Tejhaun,Palmer,WR,Arizona Cardinals
6176c6e8-d6d2-40e0-b247-c3eb31b11813,Kazmeir,Allen,RB,
61c312b9-773b-495c-bead-9f30edff7aa9,Jaheim,Bell,TE,Philadelphia Eagles
6201e247-02bd-4ef9-9e40-bc13aab553d5,Andy,Isabella,WR,
629ec372-8cc4-4373-8c1a-8fce2ca43b5e,Jaden,Shirden,RB,
6316baa0-1f2a-48ab-a9f8-80f0935e1a24,Nsimba,Webster,WR,
634b7787-e699-43a6-9960-5ede8fbcda83,Trey,Knox,TE,
63dfcb39-61b8-4f02-8eef-d7e49ed67aa9,Stephen,Anderson,TE,
63f22534-feec-4f96-bac1-5e894f941254,Barion,Brown,WR,
640710c8-ef8d-4881-a941-187573f1733f,Mike,White,QB,
64696a59-78af-4b28-bf9f-15c808afd276,Derek,Parish,TE,
6493ecbe-355e-4b9f-adbf-fd0d54fe0a88,Robert,Burns,RB,
6529a4dc-8203-4df8-b1f5-b0e86940d17a,Jalin,Hyatt,WR,New York Giants
656fc1ef-26cf-48fb-8876-9a9f848393b1,Matt,Breida,RB,
65798a63-63ed-4aec-80b0-7cd2aae4a2d4,Malik,Knowles,WR,
6614902f-2427-4077-ab20-dd4a9098456b,JaMycal,Hasty,RB,
673b1d22-2b3f-4755-b4c7-0acb23af27bd,Andre,Roberts,WR,
67e2dd09-3e19-437c-af30-3a7aa9d9063e,Will,Sheppard,WR,Green Bay Packers
681d8fca-95de-4b9c-88ae-ab3052df4b06,MyCole,Pruitt,TE,
68498e8e-3fe9-43da-bb94-ac9e4c4bcbae,Jermar,Jefferson,RB,
68817143-39b7-4304-8dec-01ae7b13b34b,Zack,Kuntz,TE,Miami Dolphins
68d9b499-aa89-4c98-8297-a8fa73c06430,Zach,Gentry,TE,
6905df01-eaac-481c-8a5a-c95fe3a40533,Trey,Quinn,WR,
69131770-b02b-44a1-b78b-5aaee58580c1,Bailey,Zappe,QB,New York Jets
6a4f9e32-df0f-4f8b-969d-581acf5e1e18,Alexander,Mattison,RB,
6a7476c4-d74f-4665-8825-095378689402,Jermaine,Burton,WR,
6abb6d60-aac6-402d-ad4a-4227e0853a8b,Chandler,Brayboy,WR,Jacksonville Jaguars
6ac0730c-069f-40db-9918-9e17086c3641,Kyle,McCord,QB,Green Bay Packers
6aff5ed8-9ec0-4ba4-ac5a-bfc25f679bbc,Kevin,Harris,RB,
6b1fe219-05a1-4fc1-9665-379ffdd3edc8,Sam,Pitz,TE,
6b71c51d-6b91-4fd7-9632-604a97798ace,Eli,Pancol,WR,Indianapolis Colts
6c9ea42c-2d27-44b5-b869-91267438cfde,Jaray,Jenkins,WR,
6cc67c5c-e168-4ea2-a47e-21e87200af83,Brevin,Easton,WR,
6d0c5c31-a038-4e83-8ef7-1e8607fe060b,Michael,Thomas,WR,
6d614a1f-6986-4f4d-bd6a-ac3c4600f76a,Max,Duggan,QB,
6dc15132-e235-445a-b85a-7c927915ce39,Daurice,Fountain,WR,
6e0056f3-4d3d-456c-b360-6b93dc3b92e6,Brandon,Dillon,TE,
6e419727-4e4a-4f00-8e8a-9ece6f10f9bf,Brian,Hoyer,QB,
6e847d58-5d2d-41c6-8f91-d425a2da7c18,Anthony,McFarland,RB,
6eb16295-e6be-4a23-83f9-80ada477f73b,Nyheim,Miller-Hines,RB,
6f1befc0-c0c5-4ad6-94fb-e00042a6dccc,Drake,Stoops,WR,
6f571dec-7e3b-43e6-ba52-cf1377e8a088,Brady,Russell,RB,Seattle Seahawks
6fed93fd-6043-4a3a-a433-ba35f6b9a442,Jonathan,Ward,RB,
6ffa81ad-f75e-446a-931d-b91d66d4a5e2,Seth,Henigan,QB,Indianapolis Colts
703493a4-d34e-4606-9ebb-6c3e99c87f3c,Ty,Scott,WR,
703d9462-e495-4941-a3f2-f5ad8386b640,Kelly,Akharaiyi,WR,
70b11705-1594-4932-8916-7704cbf58069,Isaiah,Winstead,WR,
70ee4436-da6f-4c33-8d17-c33c534bcc8f,Kirk,Merritt,WR,
7110bb73-e700-4630-9657-dc65c8f34c23,Skylar,Thompson,QB,
71459a3a-e258-4af4-8c72-67d050860335,Tommy,Hudson,TE,
721ae131-e193-498a-baf9-febf106634f6,Elijah,Cooks,WR,New Orleans Saints
7271cab8-305b-442b-8f29-f54479cb9895,Dezmon,Patmon,WR,
72b3f468-efca-4ba5-9ac2-1b346581368b,Laquon,Treadwell,WR,Indianapolis Colts
7377dc7c-96ab-49bc-8272-f305c5fb046c,Cooper,Rush,QB,
7382d956-086d-477d-a1f7-c0a00e1b75bc,Nick,Muse,TE,
73ba86e9-6663-415a-9620-53dc9bfd49dd,Isaiah,Washington,WR,
7407645b-dabc-4524-b653-c646516917e3,Josiah,Deguara,TE,
7412e492-e736-4864-83b6-2b58c0dae0c3,Joseph,Ngata,WR,
74332759-49c1-426a-98e9-dce5350cf6dd,Velus,Jones Jr.,RB,Seattle Seahawks
74b3451c-10dd-4fa8-8772-593b7b80d05f,Wayne,Gallman,RB,
752d68ab-f79c-4d4d-9caa-03fb2373035d,Jack,Westover,RB,New England Patriots
75cd4cec-7ee4-47be-9c7a-3c4d08841530,Scotty,Washington,TE,
766033eb-abb8-4792-95ce-141271e20307,Bam,Knight,RB,Arizona Cardinals
767f661d-9074-432e-9165-c170bf0e2737,Cedrick,Wilson,WR,
7681f5ac-49eb-423b-bdce-701da770af49,Gee,Scott,TE,
76c3e6de-ed43-4575-bbb5-7ff0e461ee81,Craig,Reynolds,RB,
770cc582-4f8f-4bfc-ac45-3662271fe4dc,Braylon,Sanders,WR,
7721e34b-4bc7-4457-b696-10a3e3fc43d0,Jeff,Smith,WR,
772b3ac9-546d-4342-8369-17ff07ff76ff,DeWayne,McBride,RB,
78438090-45fe-4a64-85b3-792321d32cf6,Chris,Carson,RB,
7846e08a-c140-47a5-8f87-fad98746ba2d,Adam,Thielen,WR,
78991a40-e5d1-4284-b62e-ebfa51015b05,Payton,Thorne,QB,
78efc587-f209-4790-b00f-1fcbef0a5878,Austin,Jones,RB,
79061eb0-2a95-4bc5-8c6e-51bcf98ed491,Seth,Williams,WR,
7916b8fc-a20f-4145-ac19-ef03cebc17e7,Marcell,Ateman,WR,
798c7a26-48af-4c59-afa6-d636bd5975ee,Ezekiel,Elliott,RB,Dallas Cowboys
7a5176df-e5cd-456a-9098-f5b539dfb1cb,Tim,Boyle,QB,
7a576b82-b3c8-44af-b168-eb6db14c32ad,Kaden,Wetjen,WR,
7b14245f-2519-46de-9d76-3c0b8b0656ed,Jeshaun,Jones,WR,Minnesota Vikings
7b2abe4a-20d4-4bf6-b859-e7373aa0f911,Deven,Thompkins,WR,Atlanta Falcons
7b97cc1c-8b56-462b-ad34-92b6f770aab6,Logan,Woodside,QB,
7b9a5ac4-4da1-4977-a382-78b65a46a468,Sam,Brown,WR,
7d2948ae-f11c-435d-b55c-2f4e89195ac8,Logan,Thomas,TE,
7d35a328-5ac4-41a6-9f18-098c7e833b86,Malik,Taylor,WR,
7d810c8f-b657-4881-b800-37e76a138276,Joe,Reed,WR,
7d8568fe-d34d-408c-ada3-c51e24510983,Eric,Ebron,TE,
7df5511b-d440-4681-99ba-92a8013d43a2,Troy,Hairston,RB,
7dfa3fd7-afee-4434-bdcf-83d9a079f5ce,Anthony,Miller,WR,
7e046e39-a5a8-48e0-b9ee-7cc7185625fb,Charleston,Rambo,WR,
7e341895-668e-4af3-b5ad-611a4a424d76,T.J.,Luther,WR,
7e8fe579-d6ac-4913-9771-24dfc4bb3e92,Brandon,Powell,WR,
7f1d1c50-bd5d-4682-8975-502a49907c2a,Josh,Cameron,WR,
7f3a707f-3ccf-498a-8a80-9b8fafd41841,Dillon,Bell,WR,
7f6e6819-d996-433d-8bce-bf2fda802285,Ricky,Person,RB,
7f8d58cb-7ce9-4dd8-8e4d-d8f4bd575ea4,Brenden,Bates,TE,Cleveland Browns
80284df4-6a17-4767-a967-b284a575ccd4,Taiwan,Jones,RB,
8039e0df-d1dd-4712-bffa-7a0c551e6a48,Shaquan,Davis,WR,
80603d75-643c-478b-b387-da8d4aec4302,Owen,Wright,RB,Tampa Bay Buccaneers
80aefc6b-5e9e-40da-b260-ee4337f6f781,Dennis,Houston,WR,Tampa Bay Buccaneers
80bacf3b-b71e-44ce-bf29-feb5037f0cf4,Tre'Quan,Smith,WR,
80ef559c-9c8d-4e79-8052-f75c0ae75b7b,Adam,Shaheen,TE,
8132b526-1109-4c99-837f-ca9a6c21507d,DJ,Turner,WR,
81e7cf60-a28c-472e-841d-dba43fbe0fc8,Austin,Reed,QB,
82316799-91b6-404c-bbbd-334c62a6170b,Thomas,Fidone,TE,New York Giants
82bd44a8-1a29-4efa-b4ee-af5da3db11c3,Keilahn,Harris,WR,
82c6c196-1383-458d-b265-36eed2468ea8,Cam,Grandy,TE,Cincinnati Bengals
82ecb0bb-17f0-4c68-b9cf-6508997fd663,Caullin,Lacy,WR,
832727cd-5fbd-4a96-8018-3bf4d72a54a5,Ryan,Tannehill,QB,
83b7da54-6647-477b-a573-fe8ff8234d9c,Michael,Pratt,QB,
83f2a25f-2ef1-4310-b132-ace7a720acc4,Jarvis,Landry,WR,
840107a7-9c05-4656-b7b6-09ce2235f59f,Cole,Turner,TE,Miami Dolphins
8412682f-4226-42c1-8d5f-c7354035b8fe,James,O'Shaughnessy,TE,
84d4501a-17bb-4810-8024-5f81af258347,Sean,McKeon,TE,Indianapolis Colts
84fee188-7f3d-42bb-9fe0-0583a6ebc81a,Denzel,Mims,WR,
859eb9ed-f751-4f2d-80b5-88b713b85de9,Sawyer,Robertson,QB,
85b53ff1-378b-4639-bc80-3eac3f5ab463,Scotty,Miller,WR,
864131b5-13e5-4210-a105-0c4cda1b2bd2,Jalin,Conyers,TE,Miami Dolphins
8740a3a3-3a8a-4035-ae61-d4d9896588b2,Brandon,Allen,QB,
87540bd6-c09d-422b-9ce3-c8c2704ac5d5,Hayden,Hatten,WR,
87976d8f-1315-4b4a-baae-a1c115f7d847,La'Mical,Perine,RB,
881ebe14-7343-431a-b6f0-56295399bcab,Peyton,Hendershot,TE,
8824f028-3df8-4b05-bce6-3d33d2abbbc4,Jared,Wayne,WR,Houston Texans
883de8f2-9d11-475e-9634-251d6bd7af87,Gabe,Davis,WR,
88958c76-7593-4d79-89b5-fd39dd130387,Patrick,Herbert,TE,Jacksonville Jaguars
88b0115e-4f0c-43de-a242-c04b3ec8af2a,Robert,Lewis,WR,
88f09f69-4a3a-46f9-80ed-1147b503044c,Jakob,Johnson,RB,
89c60b6e-bb64-4391-9af5-5c20fa6070a7,Salvon,Ahmed,RB,
89db066b-7564-4066-8b12-f65d332f8ae2,Nathan,Carter,RB,Atlanta Falcons
8a6b5db3-ee4e-434f-80cd-0ac5dcb173d1,Dai'Jean,Dixon,WR,
8b1076ad-b3cb-49a5-a785-0f8255b33280,Melvin,Gordon III,RB,
8b6450c9-a8b4-491c-96fb-4d1415d27550,Chase,Roberts,WR,
8b8e20c8-3eb3-4f67-a443-1e47a3c0ef52,Sterling,Shepard,WR,
8ba8570b-2947-4d24-abb9-448f30e930aa,Dalen,Cambre,WR,New York Giants
8bac7093-b047-4a5a-9704-4736ed494c2c,Andre,Baccellia,WR,Arizona Cardinals
8bb2e5e1-a617-47e5-a6f7-56b8f8d24004,Austin,Trammell,WR,Jacksonville Jaguars
8beffb35-fb4a-4a92-86cb-0635dc2ef35e,Nick,Vannett,TE,
8c69f29e-a3c2-4a6e-9602-d8a65fc0f36f,Hank,Beatty,WR,
8c8740b7-48e3-44b1-a774-e62dd0163f52,Josh,Williams,RB,Tampa Bay Buccaneers
8d2b9c63-ac7a-42b3-9e42-05acb0b7f900,Thaddeus,Moss,TE,
8d3d2adf-c5c5-498f-b84f-3c599dcdcb8e,Xavier,Grimble,TE,
8d66f970-222a-48bd-9b5b-df3590cbade8,Robert,Tonyan,TE,
8d776d3f-d7bc-484b-95be-250a7dd66967,Anthony,Brown,QB,
8de9b0d2-e559-4a54-ab62-01c0a15ca2c5,Jeff,Wilson Jr.,RB,
8e1732be-a988-47d9-b535-ac78ea8374c8,Hunter,Long,TE,Jacksonville Jaguars
8e2f31ca-545f-4fb1-a5da-93dd5230eac6,Malik,Flowers,WR,
8eaaf2c4-f80e-42cb-948f-791a200e42e1,Isaiah,Wooden,WR,Cleveland Browns
8eb9effd-bc10-4854-96e9-921c936d4a70,Theo,Riddick,RB,
8ec88a58-92c3-4af3-8128-c07d983b4e54,Matt,Sokol,TE,
8f0bcc10-8f63-4d65-b14a-6e1cb1491020,Curtis,Hodges,TE,
8f0e8a4a-f560-4c61-a103-653da59e3ecb,David,Martin-Robinson,TE,Tennessee Titans
8f118732-7e0b-4628-af48-3d95790b41e6,Erik,Ezukanma,WR,
8f35d3c3-ba2b-43f7-91e2-82b124f367ff,Chris,Pierce,TE,
8fa038c6-b682-4e11-aefe-fadebe66b4c3,Malcolm,Perry,WR,
8fb58f30-5e0e-46b5-9cbc-5ccbb487e70d,Nate,Boerkircher,TE,
8fd5bd3f-e6f2-44d8-b482-374fc692ff7f,Jamoi,Mayes,WR,
905b3bfd-c11c-4e48-9a31-16977967a998,Cody,Schrader,RB,Denver Broncos
905ba136-e45f-40b2-9c75-24ccb5b8ca43,Taylor,Elgersma,QB,
9068c430-fc8c-482a-8af8-5a7e6cd0d8db,Devon,Allen,WR,
90efcb4d-f1d4-4eb4-b148-6d3144346962,C.J.,Uzomah,TE,
90faa8aa-04a9-4736-b812-9bd30f49808f,Sam,Pinckney,WR,
910cacf7-b79f-484b-abdb-5725bc02091f,Damien,Williams,RB,
9123f86a-f0d8-4202-b3b5-8771eab8ab3b,Simi,Fehoko,WR,Arizona Cardinals
91293865-1df3-469d-ba8a-679cdcfad275,Gavin,Hardison,QB,
91699efe-b843-402a-b6cb-478debda8fb7,Trinidad,Chambliss,QB,
9180520e-f0b0-477c-a27f-e8c89334054b,Micah,Bernard,RB,
91bd5bb4-27c2-45f0-b0b3-0493756fad41,Stanley,Morgan,WR,
91eac065-9450-43dd-8820-8e9226291bef,Miles,Kitselman,TE,
91f18baa-25c2-4030-9916-21465b92af88,Isaiah,Ford,WR,
9205302e-3b6d-49ff-a831-f5de6462a08d,Darrynton,Evans,RB,
925159df-9225-4694-aa87-1f9e06a02128,Jake,Fromm,QB,
92787e72-4e11-49a4-a25c-433c4938486b,DeAndre,Carter,WR,
9283dc81-57d2-4a39-b7ca-57d32044e558,Gary,Brightwell,RB,Cincinnati Bengals
9301145b-a47f-4679-a2e9-3f553e2d7bd9,Emani,Bailey,RB,
937caa0b-1e20-4199-af67-7a8f609d0e08,Lew,Nichols,RB,Pittsburgh Steelers
93845725-e1ce-4a5d-a052-3fbff699954a,Hassan,Hall,RB,
93fe2d1f-78ab-4861-9763-f8905d5b3e58,Kwamie,Lassiter,WR,
944017c8-d4e9-4faa-ba50-e7ee40e71c8d,Jack,Doyle,TE,